Workbook

Sheet Léame
A1: GesLab · Inventario de laboratorios · Sede Carepa
A2: Versión 2 generada el 29/10/2026 a partir de los archivos originales (no se modificaron; siguen intactos en la carpeta Inventario).
A4: CÓMO DILIGENCIARLO (3 pasos)
A5: 1. Revisar: en Reactivos y Equipos, filtre la columna «Revisar» = Sí. Cada fila trae el motivo. Corrija el dato y cambie «Revisar» a No. Así queda constancia de lo verificado.
A6: 2. Registrar consumos: hoja Movimientos. Una fila por uso: fecha, ID del reactivo (lista desplegable), cantidad usada. «Existencia hoy» se recalcula sola.
A7: 3. Registrar roturas de vidriería: hoja Roturas, igual que Movimientos. Para ítems nuevos de vidriería, llene la hoja Vidriería (una fila por ítem).
A9: COLORES
A10: Encabezado azul oscuro = usted escribe. Encabezado gris = fórmula o dato fijo, no se digita. Fila amarilla = por revisar. Rojo = vencido, negativo o no disponible. Naranja = por vencer, repetido o con traslado pendiente.
A12: REGLAS APLICADAS AL UNIFICAR
A13: Unidades convertidas a g, mL o unidad (kg→g, L→mL, mg→g). La unidad original queda en la columna Origen cuando se cambió.
A14: Cantidades escritas como texto («300g», «3.5L») se separaron en número y unidad. Lo ambiguo quedó marcado en Revisar.
A15: Reactivos vencidos se cargaron igual y quedan marcados como VENCIDO; los que vencen en menos de 90 días, como Por vencer. No cuentan como disponibles hasta que usted lo decida.
... A23: Al terminar, avise para cargar estos libros a GesLab: la existencia de cada práctica se comparará automáticamente con lo solicitado.

Sheet Listas
A1: Unidad | B1: Estado físico | C1: Tipo | D1: Estado del equipo | E1: Condición | F1: Prestado o enviado a | G1: Sí/No | H1: Material | I1: Área | J1: Salón o laboratorio | K1: Clase de almacenamiento
A2: g | B2: Sólido | C2: Reactivo | D2: Operativo | E2: Buena | F2: Turbo | G2: Sí | H2: Vidrio | I2: Química | J2: 101 | K2: 10-10
A3: mL | B3: Líquido | C3: Solución o secundario | D3: En mantenimiento | E3: Regular | F3: Apartadó | G3: No | H3: Plástico | I3: Biología | J3: 102 | K3: 10-12
A4: unidad | B4: Gas | D4: Fuera de servicio | E4: Mala | F4: Carepa | H4: Porcelana | I4: Física | J4: 103 | K4: 10-13
D5: Baja | F5: Medellín (Centro de Instrumentación) | H5: Metal | I5: Otra | K5: 10-15
F6: Otra sede (indicar cuál) | H6: Otro | K6: 10-9
K7: 3
K8: 4.1
K9: 5.1
K10: 6.1
K11: 6.1B
K12: 8
K13: 8A
K14: 8B
K15: Calse8A
K16: Microbiológico

Sheet Reactivos
A1: ID | B1: Revisar | C1: Motivo de revisión | D1: Reactivo | E1: Fórmula | F1: CAS | G1: Estado físico | H1: Unidad | I1: Cantidad inicial | J1: Existencia (último conteo) | K1: Fecha del conteo | L1: Consumido desde el conteo | M1: Existencia hoy | N1: Vencimiento | O1: Estado vencimiento | P1: Lote | Q1: Marca | R1: Pureza / concentración | S1: Clase de almacenamiento | T1: Ubicación | U1: Cód. interno | V1: Recibió | W1: Tipo | X1: Base de la existencia | Y1: Observaciones | Z1: Origen (archivo · hoja · fila)
A2: REA-CAR-0001 | B2: No | D2: 1,10 Fenaltrolina Monihidratado | E2: C12H8N2 | F2: 5144-89-8 | G2: Sólido | H2: g | I2: 25 | J2: 4 | L2: =IF(D2="","",SUMIFS(Movimientos!$D$2:$D$2000,Movimientos!$B$2:$B$2000,A2)) -> 0 | M2: =IF(J2="","",J2-L2) -> 4 | O2: =IF(D2="","",IF(N2="","Sin fecha",IF(N2<TODAY(),"VENCIDO",IF(N2<TODAY()+90,"Por vencer","Vigente")))) -> Sin fecha | P2: K46484825 519 | Q2: Merck | R2: 100 | S2: 6.1 | V2: Carolina Galvis Lora | W2: Reactivo | X2: Cantidad total del inventario | Z2: Inventario_Reactivos_Carepa.xlsx · Reactivos · fila 2
A3: REA-CAR-0002 | B3: No | D3: 1-Naftol | E3: C10H8O | F3: 90-15-3 | G3: Sólido | H3: g | I3: 250 | J3: 240 | L3: =IF(D3="","",SUMIFS(Movimientos!$D$2:$D$2000,Movimientos!$B$2:$B$2000,A3)) -> 0 | M3: =IF(J3="","",J3-L3) -> 240 | N3: 45231 | O3: =IF(D3="","",IF(N3="","Sin fecha",IF(N3<TODAY(),"VENCIDO",IF(N3<TODAY()+90,"Por vencer","Vigente")))) -> VENCIDO | P3: 1251792 | Q3: Panreac | R3: 99 | S3: 6.1 | U3: IF012 | V3: Carolina Galvis Lora | W3: Reactivo | X3: Cantidad total del inventario | Z3: Inventario_Reactivos_Carepa.xlsx · Reactivos · fila 3
A4: REA-CAR-0003 | B4: No | D4: 1 - Propanol | E4: CH3CH(OH)CH2 | F4: 67-63-0 | G4: Líquido | H4: mL | I4: 0 | J4: 0 | L4: =IF(D4="","",SUMIFS(Movimientos!$D$2:$D$2000,Movimientos!$B$2:$B$2000,A4)) -> 0 | M4: =IF(J4="","",J4-L4) -> 0 | N4: 46234 | O4: =IF(D4="","",IF(N4="","Sin fecha",IF(N4<TODAY(),"VENCIDO",IF(N4<TODAY()+90,"Por vencer","Vigente")))) -> VENCIDO | P4: I1164334 136 | Q4: Merck | R4: 100 | S4: 3 | V4: Carolina Galvis Lora | W4: Reactivo | X4: Cantidad total del inventario | Z4: Inventario_Reactivos_Carepa.xlsx · Reactivos · fila 4
A5: REA-CAR-0004 | B5: No | D5: 2 - Propanol | E5: CH3CH(OH)CH3 | F5: 67-63-0 | G5: Líquido | H5: mL | I5: 5000 | J5: 5000 | L5: =IF(D5="","",SUMIFS(Movimientos!$D$2:$D$2000,Movimientos!$B$2:$B$2000,A5)) -> 0 | M5: =IF(J5="","",J5-L5) -> 5000 | N5: 46234 | O5: =IF(D5="","",IF(N5="","Sin fecha",IF(N5<TODAY(),"VENCIDO",IF(N5<TODAY()+90,"Por vencer","Vigente")))) -> VENCIDO | P5: l1164334136 | Q5: Merck | R5: 100 | S5: 3 | V5: Carolina Galvis Lora | W5: Reactivo | X5: Cantidad total del inventario | Z5: Inventario_Reactivos_Carepa.xlsx · Reactivos · fila 5
A6: REA-CAR-0005 | B6: No | D6: 2 - Propanol | E6: CH3CH(OH)CH3 | F6: 67-63-0 | G6: Líquido | H6: mL | I6: 5000 | J6: 4560 | L6: =IF(D6="","",SUMIFS(Movimientos!$D$2:$D$2000,Movimientos!$B$2:$B$2000,A6)) -> 0 | M6: =IF(J6="","",J6-L6) -> 4560 | N6: 44561 | O6: =IF(D6="","",IF(N6="","Sin fecha",IF(N6<TODAY(),"VENCIDO",IF(N6<TODAY()+90,"Por vencer","Vigente")))) -> VENCIDO | P6: K48600434 652 | Q6: Merck | R6: 100 | S6: 3 | V6: Carolina Galvis Lora | W6: Reactivo | X6: Cantidad total del inventario | Z6: Inventario_Reactivos_Carepa.xlsx · Reactivos · fila 6
A7: REA-CAR-0006 | B7: No | D7: 8 - Hidroxiquinoleina | E7: C9H7NO | F7: 148-24-3 | G7: Sólido | H7: g | I7: 250 | J7: 230 | L7: =IF(D7="","",SUMIFS(Movimientos!$D$2:$D$2000,Movimientos!$B$2:$B$2000,A7)) -> 0 | M7: =IF(J7="","",J7-L7) -> 230 | O7: =IF(D7="","",IF(N7="","Sin fecha",IF(N7<TODAY(),"VENCIDO",IF(N7<TODAY()+90,"Por vencer","Vigente")))) -> Sin fecha | P7: S7085061 530 | Q7: Merck | R7: 100 | S7: 10-13 | V7: Carolina Galvis Lora | W7: Reactivo | X7: Cantidad total del inventario | Z7: Inventario_Reactivos_Carepa.xlsx · Reactivos · fila 7
A8: REA-CAR-0007 | B8: No | D8: Aceite de inmersión para microscopía | E8: C14H12O2 | G8: Líquido | H8: mL | I8: 100 | J8: 50 | L8: =IF(D8="","",SUMIFS(Movimientos!$D$2:$D$2000,Movimientos!$B$2:$B$2000,A8)) -> 0 | M8: =IF(J8="","",J8-L8) -> 50 | N8: 43705 | O8: =IF(D8="","",IF(N8="","Sin fecha",IF(N8<TODAY(),"VENCIDO",IF(N8<TODAY()+90,"Por vencer","Vigente")))) -> VENCIDO | P8: V3H482273H | Q8: Carlo Erba | S8: 10-13 | U8: SR026 | V8: Carolina Galvis Lora | W8: Reactivo | X8: Cantidad total del inventario | Z8: Inventario_Reactivos_Carepa.xlsx · Reactivos · fila 8
A9: REA-CAR-0008 | B9: No | D9: Aceite de Parafia | G9: Líquido | H9: mL | I9: 125 | J9: 120 | L9: =IF(D9="","",SUMIFS(Movimientos!$D$2:$D$2000,Movimientos!$B$2:$B$2000,A9)) -> 0 | M9: =IF(J9="","",J9-L9) -> 120 | N9: 44865 | O9: =IF(D9="","",IF(N9="","Sin fecha",IF(N9<TODAY(),"VENCIDO",IF(N9<TODAY()+90,"Por vencer","Vigente")))) -> VENCIDO | P9: 1007214220 | Q9: BioMerieux | S9: 10-13 | V9: Carolina Galvis Lora | W9: Reactivo | X9: Cantidad total del inventario | Z9: Inventario_Reactivos_Carepa.xlsx · Reactivos · fila 9
A10: REA-CAR-0009 | B10: No | D10: Acetamida | E10: C2H5NO | F10: 022-00-4 | G10: Sólido | H10: g | I10: 100 | J10: 5 | L10: =IF(D10="","",SUMIFS(Movimientos!$D$2:$D$2000,Movimientos!$B$2:$B$2000,A10)) -> 0 | M10: =IF(J10="","",J10-L10) -> 5 | O10: =IF(D10="","",IF(N10="","Sin fecha",IF(N10<TODAY(),"VENCIDO",IF(N10<TODAY()+90,"Por vencer","Vigente")))) -> Sin fecha | P10: S6698643 446 | Q10: Merck | R10: 100 | S10: 6.1 | V10: Carolina Galvis Lora | W10: Reactivo | X10: Cantidad total del inventario | Z10: Inventario_Reactivos_Carepa.xlsx · Reactivos · fila 10
A11: REA-CAR-0010 | B11: No | D11: Acetanilida | E11: C8H9NO | F11: 103-84-4 | G11: Sólido | H11: g | I11: 500 | J11: 490 | L11: =IF(D11="","",SUMIFS(Movimientos!$D$2:$D$2000,Movimientos!$B$2:$B$2000,A11)) -> 0 | M11: =IF(J11="","",J11-L11) -> 490 | O11: =IF(D11="","",IF(N11="","Sin fecha",IF(N11<TODAY(),"VENCIDO",IF(N11<TODAY()+90,"Por vencer","Vigente")))) -> Sin fecha | P11: S73900544 828 | Q11: Merck | R11: 98 | S11: 6.1 | V11: Carolina Galvis Lora | W11: Reactivo | X11: Cantidad total del inventario | Z11: Inventario_Reactivos_Carepa.xlsx · Reactivos · fila 11
A12: REA-CAR-0011 | B12: No | D12: Acetato de etilo | E12: CH3COOC2H5 | F12: 141-78-6 | G12: Líquido | H12: mL | I12: 1000 | J12: 50 | L12: =IF(D12="","",SUMIFS(Movimientos!$D$2:$D$2000,Movimientos!$B$2:$B$2000,A12)) -> 0 | M12: =IF(J12="","",J12-L12) -> 50 | N12: 44530 | O12: =IF(D12="","",IF(N12="","Sin fecha",IF(N12<TODAY(),"VENCIDO",IF(N12<TODAY()+90,"Por vencer","Vigente")))) -> VENCIDO | P12: K50838323 848 | Q12: Merck | R12: 100 | S12: 3 | U12: IN016 | V12: Carolina Galvis Lora | W12: Reactivo | X12: Cantidad total del inventario | Z12: Inventario_Reactivos_Carepa.xlsx · Reactivos · fila 12
A13: REA-CAR-0012 | B13: No | D13: Acetato de plomo trihidratado | E13: (CH₃COO)₂Pb * 3 H₂O | F13: 6080-56-4 | G13: Sólido | H13: g | I13: 250 | J13: 250 | L13: =IF(D13="","",SUMIFS(Movimientos!$D$2:$D$2000,Movimientos!$B$2:$B$2000,A13)) -> 0 | M13: =IF(J13="","",J13-L13) -> 250 | O13: =IF(D13="","",IF(N13="","Sin fecha",IF(N13<TODAY(),"VENCIDO",IF(N13<TODAY()+90,"Por vencer","Vigente")))) -> Sin fecha | P13: S8189575 231 | Q13: Merck | R13: 100 | S13: 6.1 | U13: IF003 | V13: Carolina Galvis Lora | W13: Reactivo | X13: Cantidad total del inventario | Z13: Inventario_Reactivos_Carepa.xlsx · Reactivos · fila 13
A14: REA-CAR-0013 | B14: No | D14: Acetato de Sodio | E14: CH3COONa | F14: 127-09-3 | G14: Sólido | H14: g | I14: 1000 | J14: 400 | L14: =IF(D14="","",SUMIFS(Movimientos!$D$2:$D$2000,Movimientos!$B$2:$B$2000,A14)) -> 0 | M14: =IF(J14="","",J14-L14) -> 400 | O14: =IF(D14="","",IF(N14="","Sin fecha",IF(N14<TODAY(),"VENCIDO",IF(N14<TODAY()+90,"Por vencer","Vigente")))) -> Sin fecha | P14: AM1875868241 | Q14: Merck | R14: 99 | S14: 10-13 | V14: Carolina Galvis Lora | W14: Reactivo | X14: Cantidad total del inventario | Z14: Inventario_Reactivos_Carepa.xlsx · Reactivos · fila 14
A15: REA-CAR-0014 | B15: No | D15: Acetona | E15: CH3COCH3 | F15: 67-64-1 | G15: Líquido | H15: mL | I15: 2500 | J15: 2000 | L15: =IF(D15="","",SUMIFS(Movimientos!$D$2:$D$2000,Movimientos!$B$2:$B$2000,A15)) -> 0 | M15: =IF(J15="","",J15-L15) -> 2000 | N15: 45473 | O15: =IF(D15="","",IF(N15="","Sin fecha",IF(N15<TODAY(),"VENCIDO",IF(N15<TODAY()+90,"Por vencer","Vigente")))) -> VENCIDO | P15: K51483014 924 | Q15: Merck | R15: 100 | S15: 3 | U15: IN022 | V15: Carolina Galvis Lora | W15: Reactivo | X15: Cantidad total del inventario | Z15: Inventario_Reactivos_Carepa.xlsx · Reactivos · fila 15
A16: REA-CAR-0015 | B16: Sí | C16: CAS con formato no estándar: «609-994» | D16: Acido 3,5 Dinitrosalicilico 98% | E16: C7H4N2O7 | G16: Sólido | H16: g | I16: 100 | J16: 18 | L16: =IF(D16="","",SUMIFS(Movimientos!$D$2:$D$2000,Movimientos!$B$2:$B$2000,A16)) -> 0 | M16: =IF(J16="","",J16-L16) -> 18 | N16: 44866 | O16: =IF(D16="","",IF(N16="","Sin fecha",IF(N16<TODAY(),"VENCIDO",IF(N16<TODAY()+90,"Por vencer","Vigente")))) -> VENCIDO | P16: 985741 | Q16: Panreac | R16: 98 | S16: 8 | V16: Carolina Galvis Lora | W16: Reactivo | X16: Cantidad total del inventario | Y16: CAS/código original: 609-994 | Z16: Inventario_Reactivos_Carepa.xlsx · Reactivos · fila 16
A17: REA-CAR-0016 | B17: No | D17: Acido Acetico Glacial 100% | E17: CH3COOH | F17: 64-19-7 | G17: Líquido | H17: mL | I17: 1000 | J17: 1000 | L17: =IF(D17="","",SUMIFS(Movimientos!$D$2:$D$2000,Movimientos!$B$2:$B$2000,A17)) -> 0 | M17: =IF(J17="","",J17-L17) -> 1000 | N17: 44986 | O17: =IF(D17="","",IF(N17="","Sin fecha",IF(N17<TODAY(),"VENCIDO",IF(N17<TODAY()+90,"Por vencer","Vigente")))) -> VENCIDO | P17: 1976160 | Q17: Panreac | R17: 99.7 | S17: 8A | V17: Carolina Galvis Lora | W17: Reactivo | X17: Cantidad total del inventario | Z17: Inventario_Reactivos_Carepa.xlsx · Reactivos · fila 17
A18: REA-CAR-0017 | B18: No | D18: Acido Citrico monohidrato | E18: C6H8O7 * H2O | F18: 5949-29-1 | G18: Sólido | H18: g | I18: 500 | J18: 80 | L18: =IF(D18="","",SUMIFS(Movimientos!$D$2:$D$2000,Movimientos!$B$2:$B$2000,A18)) -> 0 | M18: =IF(J18="","",J18-L18) -> 80 | O18: =IF(D18="","",IF(N18="","Sin fecha",IF(N18<TODAY(),"VENCIDO",IF(N18<TODAY()+90,"Por vencer","Vigente")))) -> Sin fecha | P18: K48283044 711 | Q18: Merck | R18: 100 | S18: 10-13 | V18: Carolina Galvis Lora | W18: Reactivo | X18: Cantidad total del inventario | Z18: Inventario_Reactivos_Carepa.xlsx · Reactivos · fila 18
A19: REA-CAR-0018 | B19: No | D19: Acido ascorbico | E19: C6H8O6 | F19: 50-81-7 | G19: Sólido | H19: g | I19: 250 | J19: 220 | L19: =IF(D19="","",SUMIFS(Movimientos!$D$2:$D$2000,Movimientos!$B$2:$B$2000,A19)) -> 0 | M19: =IF(J19="","",J19-L19) -> 220 | O19: =IF(D19="","",IF(N19="","Sin fecha",IF(N19<TODAY(),"VENCIDO",IF(N19<TODAY()+90,"Por vencer","Vigente")))) -> Sin fecha | P19: 5Y011101 | Q19: Panreac | R19: 99 | S19: 10-13 | V19: Carolina Galvis Lora | W19: Reactivo | X19: Cantidad total del inventario | Z19: Inventario_Reactivos_Carepa.xlsx · Reactivos · fila 19
A20: REA-CAR-0019 | B20: No | D20: Ácido clorhídrico | E20: HCl | F20: 7647-01-0 | G20: Líquido | H20: mL | I20: 2500 | J20: 200 | L20: =IF(D20="","",SUMIFS(Movimientos!$D$2:$D$2000,Movimientos!$B$2:$B$2000,A20)) -> 0 | M20: =IF(J20="","",J20-L20) -> 200 | N20: 43898 | O20: =IF(D20="","",IF(N20="","Sin fecha",IF(N20<TODAY(),"VENCIDO",IF(N20<TODAY()+90,"Por vencer","Vigente")))) -> VENCIDO | P20: K0680 | Q20: Honeywell | R20: 37 | S20: 8 | U20: CO008 | V20: Carolina Galvis Lora | W20: Reactivo | X20: Cantidad total del inventario | Z20: Inventario_Reactivos_Carepa.xlsx · Reactivos · fila 20
A21: REA-CAR-0020 | B21: No | D21: Ácido Cromotrópico, sal disódica dihidratado | E21: C10H10Na2O10S2 | F21: 5808-22-0 | G21: Sólido | H21: g | I21: 25 | J21: 10 | L21: =IF(D21="","",SUMIFS(Movimientos!$D$2:$D$2000,Movimientos!$B$2:$B$2000,A21)) -> 0 | M21: =IF(J21="","",J21-L21) -> 10 | O21: =IF(D21="","",IF(N21="","Sin fecha",IF(N21<TODAY(),"VENCIDO",IF(N21<TODAY()+90,"Por vencer","Vigente")))) -> Sin fecha | P21: L013052198 424 | Q21: Merck | R21: 98,1 | S21: 10-13 | V21: Carolina Galvis Lora | W21: Reactivo | X21: Cantidad total del inventario | Z21: Inventario_Reactivos_Carepa.xlsx · Reactivos · fila 21
A22: REA-CAR-0021 | B22: No | D22: Ácido Cromotrópico, sal disódica dihidratado | E22: C10H10Na2O10S2 | F22: 5808-22-0 | G22: Sólido | H22: g | I22: 25 | J22: 15 | L22: =IF(D22="","",SUMIFS(Movimientos!$D$2:$D$2000,Movimientos!$B$2:$B$2000,A22)) -> 0 | M22: =IF(J22="","",J22-L22) -> 15 | O22: =IF(D22="","",IF(N22="","Sin fecha",IF(N22<TODAY(),"VENCIDO",IF(N22<TODAY()+90,"Por vencer","Vigente")))) -> Sin fecha | P22: L013052198 336 | Q22: Merck | R22: 98,1 | S22: 10-13 | U22: SR013 | V22: Carolina Galvis Lora | W22: Reactivo | X22: Cantidad total del inventario | Z22: Inventario_Reactivos_Carepa.xlsx · Reactivos · fila 22
A23: REA-CAR-0022 | B23: No | D23: Acido Glioxilico | E23: C2H2O3*H2O | F23: 7732-18-5 | G23: Líquido | H23: mL | I23: 250 | J23: 120 | L23: =IF(D23="","",SUMIFS(Movimientos!$D$2:$D$2000,Movimientos!$B$2:$B$2000,A23)) -> 0 | M23: =IF(J23="","",J23-L23) -> 120 | O23: =IF(D23="","",IF(N23="","Sin fecha",IF(N23<TODAY(),"VENCIDO",IF(N23<TODAY()+90,"Por vencer","Vigente")))) -> Sin fecha | P23: S6734084 401 | Q23: Merck | R23: 50 | S23: 8 | V23: Carolina Galvis Lora | W23: Reactivo | X23: Cantidad total del inventario | Z23: Inventario_Reactivos_Carepa.xlsx · Reactivos · fila 23
A24: REA-CAR-0023 | B24: No | D24: Ácido nítrico | E24: HNO3 | F24: 7697-37-2 | G24: Líquido | H24: mL | I24: 5000 | J24: 3000 | L24: =IF(D24="","",SUMIFS(Movimientos!$D$2:$D$2000,Movimientos!$B$2:$B$2000,A24)) -> 0 | M24: =IF(J24="","",J24-L24) -> 3000 | N24: 43616 | O24: =IF(D24="","",IF(N24="","Sin fecha",IF(N24<TODAY(),"VENCIDO",IF(N24<TODAY()+90,"Por vencer","Vigente")))) -> VENCIDO | P24: K47933056 624 | Q24: Merck | R24: 65 | S24: 5.1 | U24: IN019 | V24: Carolina Galvis Lora | W24: Reactivo | X24: Cantidad total del inventario | Z24: Inventario_Reactivos_Carepa.xlsx · Reactivos · fila 24
A25: REA-CAR-0024 | B25: No | D25: Acido Orto-fosforico | E25: H3PO4 | F25: 7664-38-2 | G25: Líquido | H25: mL | I25: 1000 | J25: 700 | L25: =IF(D25="","",SUMIFS(Movimientos!$D$2:$D$2000,Movimientos!$B$2:$B$2000,A25)) -> 0 | M25: =IF(J25="","",J25-L25) -> 700 | N25: 44012 | O25: =IF(D25="","",IF(N25="","Sin fecha",IF(N25<TODAY(),"VENCIDO",IF(N25<TODAY()+90,"Por vencer","Vigente")))) -> VENCIDO | P25: K46816373 526 | Q25: Merck | R25: 85 | S25: 8B | V25: Carolina Galvis Lora | W25: Reactivo | X25: Cantidad total del inventario | Z25: Inventario_Reactivos_Carepa.xlsx · Reactivos · fila 25
A26: REA-CAR-0025 | B26: No | D26: Acido Salicilico | E26: C7H6O3 | F26: 69-72-7 | G26: Sólido | H26: g | I26: 100 | J26: 45 | L26: =IF(D26="","",SUMIFS(Movimientos!$D$2:$D$2000,Movimientos!$B$2:$B$2000,A26)) -> 0 | M26: =IF(J26="","",J26-L26) -> 45 | O26: =IF(D26="","",IF(N26="","Sin fecha",IF(N26<TODAY(),"VENCIDO",IF(N26<TODAY()+90,"Por vencer","Vigente")))) -> Sin fecha | P26: S6059431 231 | Q26: Merck | R26: 100 | S26: 8 | V26: Carolina Galvis Lora | W26: Reactivo | X26: Cantidad total del inventario | Z26: Inventario_Reactivos_Carepa.xlsx · Reactivos · fila 26
A27: REA-CAR-0026 | B27: No | D27: Ácido sulfúrico | E27: H2SO4 | F27: 7664-93-9 | G27: Líquido | H27: mL | I27: 2500 | J27: 2000 | L27: =IF(D27="","",SUMIFS(Movimientos!$D$2:$D$2000,Movimientos!$B$2:$B$2000,A27)) -> 0 | M27: =IF(J27="","",J27-L27) -> 2000 | N27: 46112 | O27: =IF(D27="","",IF(N27="","Sin fecha",IF(N27<TODAY(),"VENCIDO",IF(N27<TODAY()+90,"Por vencer","Vigente")))) -> VENCIDO | P27: K53264431 114 | Q27: Merck | R27: 95-97 | S27: 8A | U27: CO007 | V27: Carolina Galvis Lora | W27: Reactivo | X27: Cantidad total del inventario | Z27: Inventario_Reactivos_Carepa.xlsx · Reactivos · fila 27
A28: REA-CAR-0027 | B28: No | D28: Acido propionico | E28: C3H6O2 | F28: 79-09-4 | G28: Líquido | H28: mL | I28: 500 | J28: 480 | L28: =IF(D28="","",SUMIFS(Movimientos!$D$2:$D$2000,Movimientos!$B$2:$B$2000,A28)) -> 0 | M28: =IF(J28="","",J28-L28) -> 480 | O28: =IF(D28="","",IF(N28="","Sin fecha",IF(N28<TODAY(),"VENCIDO",IF(N28<TODAY()+90,"Por vencer","Vigente")))) -> Sin fecha | P28: S7746005 935 | Q28: Merck | R28: 99 | S28: Calse8A | V28: Carolina Galvis Lora | W28: Reactivo | X28: Cantidad total del inventario | Z28: Inventario_Reactivos_Carepa.xlsx · Reactivos · fila 28
A29: REA-CAR-0028 | B29: No | D29: Acido Tricloroacetico | E29: CCl3COOH | F29: 004-00-7 | G29: Sólido | H29: g | I29: 100 | J29: 1 | L29: =IF(D29="","",SUMIFS(Movimientos!$D$2:$D$2000,Movimientos!$B$2:$B$2000,A29)) -> 0 | M29: =IF(J29="","",J29-L29) -> 1 | O29: =IF(D29="","",IF(N29="","Sin fecha",IF(N29<TODAY(),"VENCIDO",IF(N29<TODAY()+90,"Por vencer","Vigente")))) -> Sin fecha | P29: K46702007 611 | Q29: Merck | R29: 100 | S29: 8B | V29: Carolina Galvis Lora | W29: Reactivo | X29: Cantidad total del inventario | Z29: Inventario_Reactivos_Carepa.xlsx · Reactivos · fila 29
A30: REA-CAR-0029 | B30: No | D30: Agar Agar | F30: 9002-18-0 | G30: Sólido | H30: g | I30: 1000 | J30: 1000 | L30: =IF(D30="","",SUMIFS(Movimientos!$D$2:$D$2000,Movimientos!$B$2:$B$2000,A30)) -> 0 | M30: =IF(J30="","",J30-L30) -> 1000 | N30: 46046 | O30: =IF(D30="","",IF(N30="","Sin fecha",IF(N30<TODAY(),"VENCIDO",IF(N30<TODAY()+90,"Por vencer","Vigente")))) -> VENCIDO | P30: VM1022714 219 | Q30: Merck | R30: 100 | S30: Microbiológico | V30: Carolina Galvis Lora | W30: Reactivo | X30: Cantidad total del inventario | Z30: Inventario_Reactivos_Carepa.xlsx · Reactivos · fila 30
A31: REA-CAR-0030 | B31: No | D31: Agar Cetrimide | G31: Sólido | H31: g | I31: 500 | J31: 450 | L31: =IF(D31="","",SUMIFS(Movimientos!$D$2:$D$2000,Movimientos!$B$2:$B$2000,A31)) -> 0 | M31: =IF(J31="","",J31-L31) -> 450 | N31: 44991 | O31: =IF(D31="","",IF(N31="","Sin fecha",IF(N31<TODAY(),"VENCIDO",IF(N31<TODAY()+90,"Por vencer","Vigente")))) -> VENCIDO | P31: VM817784 813 | Q31: Merck | R31: 100 | S31: Microbiológico | V31: Carolina Galvis Lora | W31: Reactivo | X31: Cantidad total del inventario | Z31: Inventario_Reactivos_Carepa.xlsx · Reactivos · fila 31
A32: REA-CAR-0031 | B32: No | D32: Agar Citrato de SIMMONS | G32: Sólido | H32: g | I32: 500 | J32: 250 | L32: =IF(D32="","",SUMIFS(Movimientos!$D$2:$D$2000,Movimientos!$B$2:$B$2000,A32)) -> 0 | M32: =IF(J32="","",J32-L32) -> 250 | N32: 45011 | O32: =IF(D32="","",IF(N32="","Sin fecha",IF(N32<TODAY(),"VENCIDO",IF(N32<TODAY()+90,"Por vencer","Vigente")))) -> VENCIDO | P32: VM831801 815 | Q32: Merck | R32: 100 | S32: Microbiológico | V32: Carolina Galvis Lora | W32: Reactivo | X32: Cantidad total del inventario | Z32: Inventario_Reactivos_Carepa.xlsx · Reactivos · fila 32
A33: REA-CAR-0032 | B33: No | D33: Agar EMB | G33: Sólido | H33: g | I33: 1000 | J33: 900 | L33: =IF(D33="","",SUMIFS(Movimientos!$D$2:$D$2000,Movimientos!$B$2:$B$2000,A33)) -> 0 | M33: =IF(J33="","",J33-L33) -> 900 | N33: 44797 | O33: =IF(D33="","",IF(N33="","Sin fecha",IF(N33<TODAY(),"VENCIDO",IF(N33<TODAY()+90,"Por vencer","Vigente")))) -> VENCIDO | P33: VM802442 738 | Q33: Merck | R33: 100 | S33: Microbiológico | V33: Carolina Galvis Lora | W33: Reactivo | X33: Cantidad total del inventario | Z33: Inventario_Reactivos_Carepa.xlsx · Reactivos · fila 33
A34: REA-CAR-0033 | B34: No | D34: Agar EMB | G34: Sólido | H34: g | I34: 500 | J34: 450 | L34: =IF(D34="","",SUMIFS(Movimientos!$D$2:$D$2000,Movimientos!$B$2:$B$2000,A34)) -> 0 | M34: =IF(J34="","",J34-L34) -> 450 | N34: 44671 | O34: =IF(D34="","",IF(N34="","Sin fecha",IF(N34<TODAY(),"VENCIDO",IF(N34<TODAY()+90,"Por vencer","Vigente")))) -> VENCIDO | P34: VM869847 912 | Q34: Merck | R34: 100 | S34: Microbiológico | V34: Carolina Galvis Lora | W34: Reactivo | X34: Cantidad total del inventario | Z34: Inventario_Reactivos_Carepa.xlsx · Reactivos · fila 34
A35: REA-CAR-0034 | B35: No | D35: Agar Endo | G35: Sólido | H35: g | I35: 500 | J35: 480 | L35: =IF(D35="","",SUMIFS(Movimientos!$D$2:$D$2000,Movimientos!$B$2:$B$2000,A35)) -> 0 | M35: =IF(J35="","",J35-L35) -> 480 | N35: 44839 | O35: =IF(D35="","",IF(N35="","Sin fecha",IF(N35<TODAY(),"VENCIDO",IF(N35<TODAY()+90,"Por vencer","Vigente")))) -> VENCIDO | P35: VM806344 743 | Q35: Merck | R35: 100 | S35: Microbiológico | V35: Carolina Galvis Lora | W35: Reactivo | X35: Cantidad total del inventario | Z35: Inventario_Reactivos_Carepa.xlsx · Reactivos · fila 35
A36: REA-CAR-0035 | B36: No | D36: Agar Glucosa 4% SABOURAUD | G36: Sólido | H36: g | I36: 500 | J36: 500 | L36: =IF(D36="","",SUMIFS(Movimientos!$D$2:$D$2000,Movimientos!$B$2:$B$2000,A36)) -> 0 | M36: =IF(J36="","",J36-L36) -> 500 | N36: 45900 | O36: =IF(D36="","",IF(N36="","Sin fecha",IF(N36<TODAY(),"VENCIDO",IF(N36<TODAY()+90,"Por vencer","Vigente")))) -> VENCIDO | P36: VM942138038 | Q36: Merck | R36: 100 | S36: Microbiológico | V36: Carolina Galvis Lora | W36: Reactivo | X36: Cantidad total del inventario | Z36: Inventario_Reactivos_Carepa.xlsx · Reactivos · fila 36
A37: REA-CAR-0036 | B37: No | D37: Agar Lisina - Hierro | G37: Sólido | H37: g | I37: 500 | J37: 480 | L37: =IF(D37="","",SUMIFS(Movimientos!$D$2:$D$2000,Movimientos!$B$2:$B$2000,A37)) -> 0 | M37: =IF(J37="","",J37-L37) -> 480 | N37: 44671 | O37: =IF(D37="","",IF(N37="","Sin fecha",IF(N37<TODAY(),"VENCIDO",IF(N37<TODAY()+90,"Por vencer","Vigente")))) -> VENCIDO | P37: VM784440 719 | Q37: Merck | R37: 100 | S37: Microbiológico | V37: Carolina Galvis Lora | W37: Reactivo | X37: Cantidad total del inventario | Z37: Inventario_Reactivos_Carepa.xlsx · Reactivos · fila 37
A38: REA-CAR-0037 | B38: No | D38: Agar Macconkey | G38: Sólido | H38: g | I38: 500 | J38: 450 | L38: =IF(D38="","",SUMIFS(Movimientos!$D$2:$D$2000,Movimientos!$B$2:$B$2000,A38)) -> 0 | M38: =IF(J38="","",J38-L38) -> 450 | O38: =IF(D38="","",IF(N38="","Sin fecha",IF(N38<TODAY(),"VENCIDO",IF(N38<TODAY()+90,"Por vencer","Vigente")))) -> Sin fecha | P38: VM732265614 | Q38: Merck | R38: 100 | S38: Microbiológico | V38: Carolina Galvis Lora | W38: Reactivo | X38: Cantidad total del inventario | Z38: Inventario_Reactivos_Carepa.xlsx · Reactivos · fila 38
A39: REA-CAR-0038 | B39: No | D39: Agar Macconkey | G39: Sólido | H39: g | I39: 500 | J39: 480 | L39: =IF(D39="","",SUMIFS(Movimientos!$D$2:$D$2000,Movimientos!$B$2:$B$2000,A39)) -> 0 | M39: =IF(J39="","",J39-L39) -> 480 | N39: 44613 | O39: =IF(D39="","",IF(N39="","Sin fecha",IF(N39<TODAY(),"VENCIDO",IF(N39<TODAY()+90,"Por vencer","Vigente")))) -> VENCIDO | P39: VM775965 712 | Q39: Merck | R39: 100 | S39: Microbiológico | V39: Carolina Galvis Lora | W39: Reactivo | X39: Cantidad total del inventario | Z39: Inventario_Reactivos_Carepa.xlsx · Reactivos · fila 39
A40: REA-CAR-0039 | B40: No | D40: Agar Nutritivo | G40: Sólido | H40: g | I40: 500 | J40: 250 | L40: =IF(D40="","",SUMIFS(Movimientos!$D$2:$D$2000,Movimientos!$B$2:$B$2000,A40)) -> 0 | M40: =IF(J40="","",J40-L40) -> 250 | N40: 44535 | O40: =IF(D40="","",IF(N40="","Sin fecha",IF(N40<TODAY(),"VENCIDO",IF(N40<TODAY()+90,"Por vencer","Vigente")))) -> VENCIDO | P40: VM769981 702 | Q40: Merck | R40: 100 | S40: Microbiológico | V40: Carolina Galvis Lora | W40: Reactivo | X40: Cantidad total del inventario | Z40: Inventario_Reactivos_Carepa.xlsx · Reactivos · fila 40
A41: REA-CAR-0040 | B41: No | D41: Agar Nutritivo | G41: Sólido | H41: g | I41: 500 | J41: 490 | L41: =IF(D41="","",SUMIFS(Movimientos!$D$2:$D$2000,Movimientos!$B$2:$B$2000,A41)) -> 0 | M41: =IF(J41="","",J41-L41) -> 490 | N41: 45146 | O41: =IF(D41="","",IF(N41="","Sin fecha",IF(N41<TODAY(),"VENCIDO",IF(N41<TODAY()+90,"Por vencer","Vigente")))) -> VENCIDO | P41: VM8511850 836 | Q41: Merck | R41: 100 | S41: Microbiológico | V41: Carolina Galvis Lora | W41: Reactivo | X41: Cantidad total del inventario | Z41: Inventario_Reactivos_Carepa.xlsx · Reactivos · fila 41
A42: REA-CAR-0041 | B42: No | D42: Agar Nutritivo | G42: Sólido | H42: g | I42: 500 | J42: 500 | L42: =IF(D42="","",SUMIFS(Movimientos!$D$2:$D$2000,Movimientos!$B$2:$B$2000,A42)) -> 0 | M42: =IF(J42="","",J42-L42) -> 500 | N42: 46507 | O42: =IF(D42="","",IF(N42="","Sin fecha",IF(N42<TODAY(),"VENCIDO",IF(N42<TODAY()+90,"Por vencer","Vigente")))) -> Vigente | P42: VM1011250218 | Q42: Merck | R42: 100 | S42: Microbiológico | V42: Carolina Galvis Lora | W42: Reactivo | X42: Cantidad total del inventario | Z42: Inventario_Reactivos_Carepa.xlsx · Reactivos · fila 42
A43: REA-CAR-0042 | B43: No | D43: Agar Nutritivo | G43: Sólido | H43: g | I43: 500 | J43: 490 | L43: =IF(D43="","",SUMIFS(Movimientos!$D$2:$D$2000,Movimientos!$B$2:$B$2000,A43)) -> 0 | M43: =IF(J43="","",J43-L43) -> 490 | N43: 44969 | O43: =IF(D43="","",IF(N43="","Sin fecha",IF(N43<TODAY(),"VENCIDO",IF(N43<TODAY()+90,"Por vencer","Vigente")))) -> VENCIDO | P43: VM817950 809 | Q43: Merck | R43: 100 | S43: Microbiológico | V43: Carolina Galvis Lora | W43: Reactivo | X43: Cantidad total del inventario | Z43: Inventario_Reactivos_Carepa.xlsx · Reactivos · fila 43
A44: REA-CAR-0043 | B44: No | D44: Agar Nutritivo | G44: Sólido | H44: g | I44: 500 | J44: 150 | L44: =IF(D44="","",SUMIFS(Movimientos!$D$2:$D$2000,Movimientos!$B$2:$B$2000,A44)) -> 0 | M44: =IF(J44="","",J44-L44) -> 150 | N44: 44480 | O44: =IF(D44="","",IF(N44="","Sin fecha",IF(N44<TODAY(),"VENCIDO",IF(N44<TODAY()+90,"Por vencer","Vigente")))) -> VENCIDO | P44: VM737743618 | Q44: Merck | R44: 100 | S44: Microbiológico | V44: Carolina Galvis Lora | W44: Reactivo | X44: Cantidad total del inventario | Z44: Inventario_Reactivos_Carepa.xlsx · Reactivos · fila 44
A45: REA-CAR-0044 | B45: No | D45: Agar para Coliformes | G45: Sólido | H45: g | I45: 500 | J45: 500 | L45: =IF(D45="","",SUMIFS(Movimientos!$D$2:$D$2000,Movimientos!$B$2:$B$2000,A45)) -> 0 | M45: =IF(J45="","",J45-L45) -> 500 | N45: 45039 | O45: =IF(D45="","",IF(N45="","Sin fecha",IF(N45<TODAY(),"VENCIDO",IF(N45<TODAY()+90,"Por vencer","Vigente")))) -> VENCIDO | P45: VM826026 821 | Q45: Merck | R45: 100 | S45: Microbiológico | V45: Carolina Galvis Lora | W45: Reactivo | X45: Cantidad total del inventario | Z45: Inventario_Reactivos_Carepa.xlsx · Reactivos · fila 45
A46: REA-CAR-0045 | B46: No | D46: Agar PDA | G46: Sólido | H46: g | I46: 500 | J46: 500 | L46: =IF(D46="","",SUMIFS(Movimientos!$D$2:$D$2000,Movimientos!$B$2:$B$2000,A46)) -> 0 | M46: =IF(J46="","",J46-L46) -> 500 | N46: 46477 | O46: =IF(D46="","",IF(N46="","Sin fecha",IF(N46<TODAY(),"VENCIDO",IF(N46<TODAY()+90,"Por vencer","Vigente")))) -> Vigente | P46: VM1007130212 | Q46: Merck | R46: 100 | S46: Microbiológico | V46: Carolina Galvis Lora | W46: Reactivo | X46: Cantidad total del inventario | Z46: Inventario_Reactivos_Carepa.xlsx · Reactivos · fila 46
A47: REA-CAR-0046 | B47: No | D47: Agar PDA | G47: Sólido | H47: g | I47: 500 | J47: 100 | L47: =IF(D47="","",SUMIFS(Movimientos!$D$2:$D$2000,Movimientos!$B$2:$B$2000,A47)) -> 0 | M47: =IF(J47="","",J47-L47) -> 100 | N47: 45312 | O47: =IF(D47="","",IF(N47="","Sin fecha",IF(N47<TODAY(),"VENCIDO",IF(N47<TODAY()+90,"Por vencer","Vigente")))) -> VENCIDO | P47: VM866030 907 | Q47: Merck | R47: 100 | S47: Microbiológico | V47: Carolina Galvis Lora | W47: Reactivo | X47: Cantidad total del inventario | Z47: Inventario_Reactivos_Carepa.xlsx · Reactivos · fila 47
A48: REA-CAR-0047 | B48: No | D48: Agar Plate Count | G48: Sólido | H48: g | I48: 500 | J48: 500 | L48: =IF(D48="","",SUMIFS(Movimientos!$D$2:$D$2000,Movimientos!$B$2:$B$2000,A48)) -> 0 | M48: =IF(J48="","",J48-L48) -> 500 | N48: 44816 | O48: =IF(D48="","",IF(N48="","Sin fecha",IF(N48<TODAY(),"VENCIDO",IF(N48<TODAY()+90,"Por vencer","Vigente")))) -> VENCIDO | P48: VM813263 738 | Q48: Merck | R48: 100 | S48: Microbiológico | V48: Carolina Galvis Lora | W48: Reactivo | X48: Cantidad total del inventario | Z48: Inventario_Reactivos_Carepa.xlsx · Reactivos · fila 48
A49: REA-CAR-0048 | B49: No | D49: Agar Plate Count | G49: Sólido | H49: g | I49: 500 | J49: 450 | L49: =IF(D49="","",SUMIFS(Movimientos!$D$2:$D$2000,Movimientos!$B$2:$B$2000,A49)) -> 0 | M49: =IF(J49="","",J49-L49) -> 450 | N49: 45333 | O49: =IF(D49="","",IF(N49="","Sin fecha",IF(N49<TODAY(),"VENCIDO",IF(N49<TODAY()+90,"Por vencer","Vigente")))) -> VENCIDO | P49: VM866663 909 | Q49: Merck | R49: 100 | S49: Microbiológico | V49: Carolina Galvis Lora | W49: Reactivo | X49: Cantidad total del inventario | Z49: Inventario_Reactivos_Carepa.xlsx · Reactivos · fila 49
A50: REA-CAR-0049 | B50: No | D50: Agar SABOURAUD 4% | G50: Sólido | H50: g | I50: 500 | J50: 500 | L50: =IF(D50="","",SUMIFS(Movimientos!$D$2:$D$2000,Movimientos!$B$2:$B$2000,A50)) -> 0 | M50: =IF(J50="","",J50-L50) -> 500 | O50: =IF(D50="","",IF(N50="","Sin fecha",IF(N50<TODAY(),"VENCIDO",IF(N50<TODAY()+90,"Por vencer","Vigente")))) -> Sin fecha | P50: VM834538821 | Q50: Merck | S50: Microbiológico | V50: Carolina Galvis Lora | W50: Reactivo | X50: Cantidad total del inventario | Z50: Inventario_Reactivos_Carepa.xlsx · Reactivos · fila 50
A51: REA-CAR-0050 | B51: No | D51: Agar SIM | G51: Sólido | H51: g | I51: 1000 | J51: 850 | L51: =IF(D51="","",SUMIFS(Movimientos!$D$2:$D$2000,Movimientos!$B$2:$B$2000,A51)) -> 0 | M51: =IF(J51="","",J51-L51) -> 850 | N51: 46568 | O51: =IF(D51="","",IF(N51="","Sin fecha",IF(N51<TODAY(),"VENCIDO",IF(N51<TODAY()+90,"Por vencer","Vigente")))) -> Vigente | P51: VM1022270228 | Q51: Merck | R51: 100 | S51: Microbiológico | V51: Carolina Galvis Lora | W51: Reactivo | X51: Cantidad total del inventario | Z51: Inventario_Reactivos_Carepa.xlsx · Reactivos · fila 51
A52: REA-CAR-0051 | B52: No | D52: Agar SIM | G52: Sólido | H52: g | I52: 500 | J52: 480 | L52: =IF(D52="","",SUMIFS(Movimientos!$D$2:$D$2000,Movimientos!$B$2:$B$2000,A52)) -> 0 | M52: =IF(J52="","",J52-L52) -> 480 | N52: 44774 | O52: =IF(D52="","",IF(N52="","Sin fecha",IF(N52<TODAY(),"VENCIDO",IF(N52<TODAY()+90,"Por vencer","Vigente")))) -> VENCIDO | P52: VM802070 733 | Q52: Merck | R52: 100 | S52: Microbiológico | V52: Carolina Galvis Lora | W52: Reactivo | X52: Cantidad total del inventario | Z52: Inventario_Reactivos_Carepa.xlsx · Reactivos · fila 52
A53: REA-CAR-0052 | B53: No | D53: Agar Triptona de Soya | G53: Sólido | H53: g | I53: 500 | J53: 440 | L53: =IF(D53="","",SUMIFS(Movimientos!$D$2:$D$2000,Movimientos!$B$2:$B$2000,A53)) -> 0 | M53: =IF(J53="","",J53-L53) -> 440 | N53: 45369 | O53: =IF(D53="","",IF(N53="","Sin fecha",IF(N53<TODAY(),"VENCIDO",IF(N53<TODAY()+90,"Por vencer","Vigente")))) -> VENCIDO | P53: VM876358 913 | Q53: Merck | R53: 100 | S53: Microbiológico | V53: Carolina Galvis Lora | W53: Reactivo | X53: Cantidad total del inventario | Z53: Inventario_Reactivos_Carepa.xlsx · Reactivos · fila 53
A54: REA-CAR-0053 | B54: No | D54: Agar Urea | G54: Sólido | H54: g | I54: 500 | J54: 200 | L54: =IF(D54="","",SUMIFS(Movimientos!$D$2:$D$2000,Movimientos!$B$2:$B$2000,A54)) -> 0 | M54: =IF(J54="","",J54-L54) -> 200 | N54: 44817 | O54: =IF(D54="","",IF(N54="","Sin fecha",IF(N54<TODAY(),"VENCIDO",IF(N54<TODAY()+90,"Por vencer","Vigente")))) -> VENCIDO | P54: VM811192 739 | Q54: Merck | R54: 100 | S54: Microbiológico | V54: Carolina Galvis Lora | W54: Reactivo | X54: Cantidad total del inventario | Z54: Inventario_Reactivos_Carepa.xlsx · Reactivos · fila 54
A55: REA-CAR-0054 | B55: No | D55: Agua de Peptona | G55: Sólido | H55: g | I55: 500 | J55: 250 | L55: =IF(D55="","",SUMIFS(Movimientos!$D$2:$D$2000,Movimientos!$B$2:$B$2000,A55)) -> 0 | M55: =IF(J55="","",J55-L55) -> 250 | N55: 44965 | O55: =IF(D55="","",IF(N55="","Sin fecha",IF(N55<TODAY(),"VENCIDO",IF(N55<TODAY()+90,"Por vencer","Vigente")))) -> VENCIDO | P55: VM827228 807 | Q55: Merck | R55: 100 | S55: Microbiológico | V55: Carolina Galvis Lora | W55: Reactivo | X55: Cantidad total del inventario | Z55: Inventario_Reactivos_Carepa.xlsx · Reactivos · fila 55
A56: REA-CAR-0055 | B56: No | D56: Agua de Peptona | G56: Sólido | H56: g | I56: 500 | J56: 500 | L56: =IF(D56="","",SUMIFS(Movimientos!$D$2:$D$2000,Movimientos!$B$2:$B$2000,A56)) -> 0 | M56: =IF(J56="","",J56-L56) -> 500 | N56: 45218 | O56: =IF(D56="","",IF(N56="","Sin fecha",IF(N56<TODAY(),"VENCIDO",IF(N56<TODAY()+90,"Por vencer","Vigente")))) -> VENCIDO | P56: VM857428 845 | Q56: Merck | R56: 100 | S56: Microbiológico | V56: Carolina Galvis Lora | W56: Reactivo | X56: Cantidad total del inventario | Z56: Inventario_Reactivos_Carepa.xlsx · Reactivos · fila 56
A57: REA-CAR-0056 | B57: No | D57: Agua de Peptona | G57: Sólido | H57: g | I57: 500 | J57: 500 | L57: =IF(D57="","",SUMIFS(Movimientos!$D$2:$D$2000,Movimientos!$B$2:$B$2000,A57)) -> 0 | M57: =IF(J57="","",J57-L57) -> 500 | N57: 45243 | O57: =IF(D57="","",IF(N57="","Sin fecha",IF(N57<TODAY(),"VENCIDO",IF(N57<TODAY()+90,"Por vencer","Vigente")))) -> VENCIDO | P57: VM862228 849 | Q57: Merck | R57: 100 | S57: Microbiológico | V57: Carolina Galvis Lora | W57: Reactivo | X57: Cantidad total del inventario | Z57: Inventario_Reactivos_Carepa.xlsx · Reactivos · fila 57
A58: REA-CAR-0057 | B58: No | D58: Alcohol Isopropilico | G58: Líquido | H58: mL | I58: 500 | J58: 350 | L58: =IF(D58="","",SUMIFS(Movimientos!$D$2:$D$2000,Movimientos!$B$2:$B$2000,A58)) -> 0 | M58: =IF(J58="","",J58-L58) -> 350 | O58: =IF(D58="","",IF(N58="","Sin fecha",IF(N58<TODAY(),"VENCIDO",IF(N58<TODAY()+90,"Por vencer","Vigente")))) -> Sin fecha | P58: 1304012-1 | Q58: Quimicos JM | S58: 3 | V58: Carolina Galvis Lora | W58: Reactivo | X58: Cantidad total del inventario | Z58: Inventario_Reactivos_Carepa.xlsx · Reactivos · fila 58
A59: REA-CAR-0058 | B59: No | D59: Alcohol Industrial | F59: 64-17-5 | G59: Líquido | H59: mL | I59: 3700 | J59: 1500 | L59: =IF(D59="","",SUMIFS(Movimientos!$D$2:$D$2000,Movimientos!$B$2:$B$2000,A59)) -> 0 | M59: =IF(J59="","",J59-L59) -> 1500 | O59: =IF(D59="","",IF(N59="","Sin fecha",IF(N59<TODAY(),"VENCIDO",IF(N59<TODAY()+90,"Por vencer","Vigente")))) -> Sin fecha | P59: 190729-E03 | Q59: Avantika | R59: 70 | S59: 3 | V59: Carolina Galvis Lora | W59: Reactivo | X59: Cantidad total del inventario | Z59: Inventario_Reactivos_Carepa.xlsx · Reactivos · fila 59
A60: REA-CAR-0059 | B60: No | D60: Alginato de sodio | E60: (C6H7O6Na)N | F60: 9005-38-3 | G60: Sólido | H60: g | I60: 500 | J60: 350 | L60: =IF(D60="","",SUMIFS(Movimientos!$D$2:$D$2000,Movimientos!$B$2:$B$2000,A60)) -> 0 | M60: =IF(J60="","",J60-L60) -> 350 | N60: 44896 | O60: =IF(D60="","",IF(N60="","Sin fecha",IF(N60<TODAY(),"VENCIDO",IF(N60<TODAY()+90,"Por vencer","Vigente")))) -> VENCIDO | P60: 0X009722 | Q60: Panreac | R60: 90.8 | S60: 10-13 | V60: Carolina Galvis Lora | W60: Reactivo | X60: Cantidad total del inventario | Z60: Inventario_Reactivos_Carepa.xlsx · Reactivos · fila 60
A61: REA-CAR-0060 | B61: Sí | C61: CAS con formato no estándar: «105428» | D61: Amoniaco en solución 25% (Hidróxido de amonio) | E61: NH4OH | G61: Líquido | H61: mL | I61: 1000 | J61: 800 | L61: =IF(D61="","",SUMIFS(Movimientos!$D$2:$D$2000,Movimientos!$B$2:$B$2000,A61)) -> 0 | M61: =IF(J61="","",J61-L61) -> 800 | N61: 43861 | O61: =IF(D61="","",IF(N61="","Sin fecha",IF(N61<TODAY(),"VENCIDO",IF(N61<TODAY()+90,"Por vencer","Vigente")))) -> VENCIDO | P61: K46354832 510 | Q61: Merck | R61: 25 | S61: 6.1 | U61: CO006 | V61: Carolina Galvis Lora | W61: Reactivo | X61: Cantidad total del inventario | Y61: CAS/código original: 105428 | Z61: Inventario_Reactivos_Carepa.xlsx · Reactivos · fila 61
A62: REA-CAR-0061 | B62: Sí | C62: CAS con formato no estándar: «105428» | D62: Amoniaco en solución 25% (Hidróxido de amonio) | E62: NH4OH | G62: Líquido | H62: mL | I62: 1000 | J62: 850 | L62: =IF(D62="","",SUMIFS(Movimientos!$D$2:$D$2000,Movimientos!$B$2:$B$2000,A62)) -> 0 | M62: =IF(J62="","",J62-L62) -> 850 | N62: 44681 | O62: =IF(D62="","",IF(N62="","Sin fecha",IF(N62<TODAY(),"VENCIDO",IF(N62<TODAY()+90,"Por vencer","Vigente")))) -> VENCIDO | P62: K49011332 715 | Q62: Merck | R62: 25 | S62: 6.1 | U62: CO006 | V62: Carolina Galvis Lora | W62: Reactivo | X62: Cantidad total del inventario | Y62: CAS/código original: 105428 | Z62: Inventario_Reactivos_Carepa.xlsx · Reactivos · fila 62
A63: REA-CAR-0062 | B63: No | D63: Anhidrido Acetico | E63: (CH3CO)2O | F63: 008-00-9 | G63: Líquido | H63: mL | I63: 1000 | J63: 400 | L63: =IF(D63="","",SUMIFS(Movimientos!$D$2:$D$2000,Movimientos!$B$2:$B$2000,A63)) -> 0 | M63: =IF(J63="","",J63-L63) -> 400 | N63: 43008 | O63: =IF(D63="","",IF(N63="","Sin fecha",IF(N63<TODAY(),"VENCIDO",IF(N63<TODAY()+90,"Por vencer","Vigente")))) -> VENCIDO | P63: K45975942 505 | Q63: Merck | R63: 98.5 | S63: 3 | V63: Carolina Galvis Lora | W63: Reactivo | X63: Cantidad total del inventario | Z63: Inventario_Reactivos_Carepa.xlsx · Reactivos · fila 63
A64: REA-CAR-0063 | B64: No | D64: Anilina | E64: C6H5NH2 | F64: 62-53-3 | G64: Líquido | H64: mL | I64: 1000 | J64: 800 | L64: =IF(D64="","",SUMIFS(Movimientos!$D$2:$D$2000,Movimientos!$B$2:$B$2000,A64)) -> 0 | M64: =IF(J64="","",J64-L64) -> 800 | N64: 45382 | O64: =IF(D64="","",IF(N64="","Sin fecha",IF(N64<TODAY(),"VENCIDO",IF(N64<TODAY()+90,"Por vencer","Vigente")))) -> VENCIDO | P64: K53216261 201 | Q64: Merck | R64: 100 | S64: 6.1 | V64: Carolina Galvis Lora | W64: Reactivo | X64: Cantidad total del inventario | Z64: Inventario_Reactivos_Carepa.xlsx · Reactivos · fila 64
A65: REA-CAR-0064 | B65: No | D65: Azul de lactofenol | E65: C₆H₅OH | G65: Líquido | H65: mL | I65: 200 | J65: 110 | L65: =IF(D65="","",SUMIFS(Movimientos!$D$2:$D$2000,Movimientos!$B$2:$B$2000,A65)) -> 0 | M65: =IF(J65="","",J65-L65) -> 110 | N65: 43373 | O65: =IF(D65="","",IF(N65="","Sin fecha",IF(N65<TODAY(),"VENCIDO",IF(N65<TODAY()+90,"Por vencer","Vigente")))) -> VENCIDO | P65: HX57257941 | Q65: Merck | R65: 100 | S65: 6.1B | V65: Carolina Galvis Lora | W65: Reactivo | X65: Cantidad total del inventario | Z65: Inventario_Reactivos_Carepa.xlsx · Reactivos · fila 65 · unidad original «ml»
A66: REA-CAR-0065 | B66: No | D66: Solución de azul de Metileno | E66: C₁₆H₁₈CIN3S | F66: 61-73-4 | G66: Líquido | H66: mL | I66: 500 | J66: 500 | L66: =IF(D66="","",SUMIFS(Movimientos!$D$2:$D$2000,Movimientos!$B$2:$B$2000,A66)) -> 0 | M66: =IF(J66="","",J66-L66) -> 500 | N66: 43889 | O66: =IF(D66="","",IF(N66="","Sin fecha",IF(N66<TODAY(),"VENCIDO",IF(N66<TODAY()+90,"Por vencer","Vigente")))) -> VENCIDO | P66: HX71941887 | Q66: Merck | R66: 100 | S66: 10-13 | U66: SR025 | V66: Carolina Galvis Lora | W66: Reactivo | X66: Cantidad total del inventario | Z66: Inventario_Reactivos_Carepa.xlsx · Reactivos · fila 66
A67: REA-CAR-0066 | B67: No | D67: Azul Giemsa | G67: Sólido | H67: g | I67: 25 | J67: 25 | L67: =IF(D67="","",SUMIFS(Movimientos!$D$2:$D$2000,Movimientos!$B$2:$B$2000,A67)) -> 0 | M67: =IF(J67="","",J67-L67) -> 25 | O67: =IF(D67="","",IF(N67="","Sin fecha",IF(N67<TODAY(),"VENCIDO",IF(N67<TODAY()+90,"Por vencer","Vigente")))) -> Sin fecha | Q67: Merck | R67: 100 | S67: 10-13 | V67: Carolina Galvis Lora | W67: Reactivo | X67: Cantidad total del inventario | Z67: Inventario_Reactivos_Carepa.xlsx · Reactivos · fila 67
A68: REA-CAR-0067 | B68: No | D68: Azul de timol | E68: C27H30O5S | F68: 76-61-9 | G68: Sólido | H68: g | I68: 5 | J68: 1 | L68: =IF(D68="","",SUMIFS(Movimientos!$D$2:$D$2000,Movimientos!$B$2:$B$2000,A68)) -> 0 | M68: =IF(J68="","",J68-L68) -> 1 | O68: =IF(D68="","",IF(N68="","Sin fecha",IF(N68<TODAY(),"VENCIDO",IF(N68<TODAY()+90,"Por vencer","Vigente")))) -> Sin fecha | P68: 014146376 515 | Q68: Merck | R68: 100 | S68: 10-13 | V68: Carolina Galvis Lora | W68: Reactivo | X68: Cantidad total del inventario | Z68: Inventario_Reactivos_Carepa.xlsx · Reactivos · fila 68
A69: REA-CAR-0068 | B69: No | D69: Benzaldeído | E69: C7H6O3 | F69: 012-00-5 | G69: Líquido | H69: mL | I69: 1000 | J69: 750 | L69: =IF(D69="","",SUMIFS(Movimientos!$D$2:$D$2000,Movimientos!$B$2:$B$2000,A69)) -> 0 | M69: =IF(J69="","",J69-L69) -> 750 | O69: =IF(D69="","",IF(N69="","Sin fecha",IF(N69<TODAY(),"VENCIDO",IF(N69<TODAY()+90,"Por vencer","Vigente")))) -> Sin fecha | P69: S7003956 520 | Q69: Merck | R69: 99 | S69: 10-13 | V69: Carolina Galvis Lora | W69: Reactivo | X69: Cantidad total del inventario | Z69: Inventario_Reactivos_Carepa.xlsx · Reactivos · fila 69
A70: REA-CAR-0069 | B70: No | D70: Caldo BRILA | G70: Sólido | H70: g | I70: 500 | J70: 250 | L70: =IF(D70="","",SUMIFS(Movimientos!$D$2:$D$2000,Movimientos!$B$2:$B$2000,A70)) -> 0 | M70: =IF(J70="","",J70-L70) -> 250 | O70: =IF(D70="","",IF(N70="","Sin fecha",IF(N70<TODAY(),"VENCIDO",IF(N70<TODAY()+90,"Por vencer","Vigente")))) -> Sin fecha | P70: VM647753444 | Q70: Merck | R70: 100 | S70: Microbiológico | V70: Carolina Galvis Lora | W70: Reactivo | X70: Cantidad total del inventario | Z70: Inventario_Reactivos_Carepa.xlsx · Reactivos · fila 70
A71: REA-CAR-0070 | B71: No | D71: Caldo BRILA | G71: Sólido | H71: g | I71: 1000 | J71: 900 | L71: =IF(D71="","",SUMIFS(Movimientos!$D$2:$D$2000,Movimientos!$B$2:$B$2000,A71)) -> 0 | M71: =IF(J71="","",J71-L71) -> 900 | N71: 44797 | O71: =IF(D71="","",IF(N71="","Sin fecha",IF(N71<TODAY(),"VENCIDO",IF(N71<TODAY()+90,"Por vencer","Vigente")))) -> VENCIDO | P71: VM804954 738 | Q71: Merck | R71: 100 | S71: Microbiológico | V71: Carolina Galvis Lora | W71: Reactivo | X71: Cantidad total del inventario | Z71: Inventario_Reactivos_Carepa.xlsx · Reactivos · fila 71
A72: REA-CAR-0071 | B72: No | D72: Caldo Extrato de Malta | F72: 8002-48-0 | G72: Sólido | H72: g | I72: 500 | J72: 300 | L72: =IF(D72="","",SUMIFS(Movimientos!$D$2:$D$2000,Movimientos!$B$2:$B$2000,A72)) -> 0 | M72: =IF(J72="","",J72-L72) -> 300 | N72: 44857 | O72: =IF(D72="","",IF(N72="","Sin fecha",IF(N72<TODAY(),"VENCIDO",IF(N72<TODAY()+90,"Por vencer","Vigente")))) -> VENCIDO | P72: VM816697 746 | Q72: Merck | R72: 100 | S72: Microbiológico | V72: Carolina Galvis Lora | W72: Reactivo | X72: Cantidad total del inventario | Z72: Inventario_Reactivos_Carepa.xlsx · Reactivos · fila 72
A73: REA-CAR-0072 | B73: No | D73: Caldo MRS | G73: Sólido | H73: g | I73: 500 | J73: 500 | L73: =IF(D73="","",SUMIFS(Movimientos!$D$2:$D$2000,Movimientos!$B$2:$B$2000,A73)) -> 0 | M73: =IF(J73="","",J73-L73) -> 500 | N73: 46265 | O73: =IF(D73="","",IF(N73="","Sin fecha",IF(N73<TODAY(),"VENCIDO",IF(N73<TODAY()+90,"Por vencer","Vigente")))) -> VENCIDO | P73: VM982461 137 | Q73: Merck | R73: 100 | S73: Microbiológico | V73: Carolina Galvis Lora | W73: Reactivo | X73: Cantidad total del inventario | Z73: Inventario_Reactivos_Carepa.xlsx · Reactivos · fila 73
A74: REA-CAR-0073 | B74: No | D74: Caldo MR-VP | G74: Sólido | H74: g | I74: 500 | J74: 480 | L74: =IF(D74="","",SUMIFS(Movimientos!$D$2:$D$2000,Movimientos!$B$2:$B$2000,A74)) -> 0 | M74: =IF(J74="","",J74-L74) -> 480 | N74: 44973 | O74: =IF(D74="","",IF(N74="","Sin fecha",IF(N74<TODAY(),"VENCIDO",IF(N74<TODAY()+90,"Por vencer","Vigente")))) -> VENCIDO | P74: VM820912 811 | Q74: Merck | R74: 100 | S74: Microbiológico | V74: Carolina Galvis Lora | W74: Reactivo | X74: Cantidad total del inventario | Z74: Inventario_Reactivos_Carepa.xlsx · Reactivos · fila 74
A75: REA-CAR-0074 | B75: No | D75: Caldo Nutritivo | G75: Sólido | H75: g | I75: 500 | J75: 500 | L75: =IF(D75="","",SUMIFS(Movimientos!$D$2:$D$2000,Movimientos!$B$2:$B$2000,A75)) -> 0 | M75: =IF(J75="","",J75-L75) -> 500 | N75: 45215 | O75: =IF(D75="","",IF(N75="","Sin fecha",IF(N75<TODAY(),"VENCIDO",IF(N75<TODAY()+90,"Por vencer","Vigente")))) -> VENCIDO | P75: VM857743 844 | Q75: Merck | R75: 100 | S75: Microbiológico | V75: Carolina Galvis Lora | W75: Reactivo | X75: Cantidad total del inventario | Z75: Inventario_Reactivos_Carepa.xlsx · Reactivos · fila 75
A76: REA-CAR-0075 | B76: No | D76: Caldo Nutritivo | G76: Sólido | H76: g | I76: 500 | J76: 500 | L76: =IF(D76="","",SUMIFS(Movimientos!$D$2:$D$2000,Movimientos!$B$2:$B$2000,A76)) -> 0 | M76: =IF(J76="","",J76-L76) -> 500 | N76: 46265 | O76: =IF(D76="","",IF(N76="","Sin fecha",IF(N76<TODAY(),"VENCIDO",IF(N76<TODAY()+90,"Por vencer","Vigente")))) -> VENCIDO | P76: VM987743 133 | Q76: Merck | R76: 100 | S76: Microbiológico | V76: Carolina Galvis Lora | W76: Reactivo | X76: Cantidad total del inventario | Z76: Inventario_Reactivos_Carepa.xlsx · Reactivos · fila 76
A77: REA-CAR-0076 | B77: No | D77: Carbonato de Calcio | E77: CaCO3 | F77: 471-34-1 | G77: Sólido | H77: g | I77: 500 | J77: 300 | L77: =IF(D77="","",SUMIFS(Movimientos!$D$2:$D$2000,Movimientos!$B$2:$B$2000,A77)) -> 0 | M77: =IF(J77="","",J77-L77) -> 300 | N77: 44742 | O77: =IF(D77="","",IF(N77="","Sin fecha",IF(N77<TODAY(),"VENCIDO",IF(N77<TODAY()+90,"Por vencer","Vigente")))) -> VENCIDO | P77: A1195666 728 | Q77: Merck | R77: 100 | S77: 8 | V77: Carolina Galvis Lora | W77: Reactivo | X77: Cantidad total del inventario | Z77: Inventario_Reactivos_Carepa.xlsx · Reactivos · fila 77
A78: REA-CAR-0077 | B78: No | D78: Carbonato de Sodio | E78: Na2CO3 | F78: 497-19-8 | G78: Sólido | H78: g | I78: 1000 | J78: 600 | L78: =IF(D78="","",SUMIFS(Movimientos!$D$2:$D$2000,Movimientos!$B$2:$B$2000,A78)) -> 0 | M78: =IF(J78="","",J78-L78) -> 600 | N78: 44612 | O78: =IF(D78="","",IF(N78="","Sin fecha",IF(N78<TODAY(),"VENCIDO",IF(N78<TODAY()+90,"Por vencer","Vigente")))) -> VENCIDO | P78: A1137592 720 | Q78: Merck | R78: 100 | S78: 8 | V78: Carolina Galvis Lora | W78: Reactivo | X78: Cantidad total del inventario | Z78: Inventario_Reactivos_Carepa.xlsx · Reactivos · fila 78
A79: REA-CAR-0078 | B79: No | D79: Ciclohexano | E79: C6H12 | G79: Líquido | H79: mL | I79: 1000 | J79: 500 | L79: =IF(D79="","",SUMIFS(Movimientos!$D$2:$D$2000,Movimientos!$B$2:$B$2000,A79)) -> 0 | M79: =IF(J79="","",J79-L79) -> 500 | O79: =IF(D79="","",IF(N79="","Sin fecha",IF(N79<TODAY(),"VENCIDO",IF(N79<TODAY()+90,"Por vencer","Vigente")))) -> Sin fecha | Q79: Merck | R79: 100 | S79: 3 | U79: TO009 | V79: Carolina Galvis Lora | W79: Reactivo | X79: Cantidad total del inventario | Z79: Inventario_Reactivos_Carepa.xlsx · Reactivos · fila 79
A80: REA-CAR-0079 | B80: No | D80: Ciclohexanol | E80: C6H12O | F80: 108-93-0 | G80: Líquido | H80: mL | I80: 1000 | J80: 900 | L80: =IF(D80="","",SUMIFS(Movimientos!$D$2:$D$2000,Movimientos!$B$2:$B$2000,A80)) -> 0 | M80: =IF(J80="","",J80-L80) -> 900 | O80: =IF(D80="","",IF(N80="","Sin fecha",IF(N80<TODAY(),"VENCIDO",IF(N80<TODAY()+90,"Por vencer","Vigente")))) -> Sin fecha | P80: S253528 421 | Q80: Merck | R80: 99 | S80: 3 | U80: TO009 | V80: Carolina Galvis Lora | W80: Reactivo | X80: Cantidad total del inventario | Z80: Inventario_Reactivos_Carepa.xlsx · Reactivos · fila 80
A81: REA-CAR-0080 | B81: No | D81: Ciclohexeno | E81: C6H10 | F81: 110-83-8 | G81: Líquido | H81: mL | I81: 1000 | J81: 450 | L81: =IF(D81="","",SUMIFS(Movimientos!$D$2:$D$2000,Movimientos!$B$2:$B$2000,A81)) -> 0 | M81: =IF(J81="","",J81-L81) -> 450 | O81: =IF(D81="","",IF(N81="","Sin fecha",IF(N81<TODAY(),"VENCIDO",IF(N81<TODAY()+90,"Por vencer","Vigente")))) -> Sin fecha | P81: S5777824 727 | Q81: Merck | R81: 99 | S81: 3 | U81: TO009 | V81: Carolina Galvis Lora | W81: Reactivo | X81: Cantidad total del inventario | Z81: Inventario_Reactivos_Carepa.xlsx · Reactivos · fila 81
A82: REA-CAR-0081 | B82: No | D82: Ciclohexeno | E82: C6H10 | F82: 110-83-8 | G82: Líquido | H82: mL | I82: 1000 | J82: 200 | L82: =IF(D82="","",SUMIFS(Movimientos!$D$2:$D$2000,Movimientos!$B$2:$B$2000,A82)) -> 0 | M82: =IF(J82="","",J82-L82) -> 200 | O82: =IF(D82="","",IF(N82="","Sin fecha",IF(N82<TODAY(),"VENCIDO",IF(N82<TODAY()+90,"Por vencer","Vigente")))) -> Sin fecha | P82: S5680624 447 | Q82: Merck | R82: 99 | S82: 3 | U82: TO009 | V82: Carolina Galvis Lora | W82: Reactivo | X82: Cantidad total del inventario | Z82: Inventario_Reactivos_Carepa.xlsx · Reactivos · fila 82
A83: REA-CAR-0082 | B83: No | D83: Ciclohexeno | E83: C6H10 | F83: 110-83-8 | G83: Líquido | H83: mL | I83: 1000 | J83: 1000 | L83: =IF(D83="","",SUMIFS(Movimientos!$D$2:$D$2000,Movimientos!$B$2:$B$2000,A83)) -> 0 | M83: =IF(J83="","",J83-L83) -> 1000 | O83: =IF(D83="","",IF(N83="","Sin fecha",IF(N83<TODAY(),"VENCIDO",IF(N83<TODAY()+90,"Por vencer","Vigente")))) -> Sin fecha | P83: S0845324 316 | Q83: Merck | R83: 99 | S83: 3 | V83: Carolina Galvis Lora | W83: Reactivo | X83: Cantidad total del inventario | Z83: Inventario_Reactivos_Carepa.xlsx · Reactivos · fila 83
A84: REA-CAR-0083 | B84: Sí | C84: Cantidad actual vacía o no numérica («-») | D84: cinta de magnesio | E84: Mg | G84: Sólido | H84: g | L84: =IF(D84="","",SUMIFS(Movimientos!$D$2:$D$2000,Movimientos!$B$2:$B$2000,A84)) -> 0 | M84: =IF(J84="","",J84-L84) | O84: =IF(D84="","",IF(N84="","Sin fecha",IF(N84<TODAY(),"VENCIDO",IF(N84<TODAY()+90,"Por vencer","Vigente")))) -> Sin fecha | P84: K43329512 511 | Q84: Merck | S84: 4.1 | V84: Carolina Galvis Lora | W84: Reactivo | X84: Cantidad total del inventario | Z84: Inventario_Reactivos_Carepa.xlsx · Reactivos · fila 84
A85: REA-CAR-0084 | B85: No | D85: Cloroformo | E85: CHCl3 | F85: 67-66-3 | G85: Líquido | H85: mL | I85: 1000 | J85: 550 | L85: =IF(D85="","",SUMIFS(Movimientos!$D$2:$D$2000,Movimientos!$B$2:$B$2000,A85)) -> 0 | M85: =IF(J85="","",J85-L85) -> 550 | N85: 44377 | O85: =IF(D85="","",IF(N85="","Sin fecha",IF(N85<TODAY(),"VENCIDO",IF(N85<TODAY()+90,"Por vencer","Vigente")))) -> VENCIDO | Q85: Merck | R85: 100 | S85: 6.1 | V85: Carolina Galvis Lora | W85: Reactivo | X85: Cantidad total del inventario | Z85: Inventario_Reactivos_Carepa.xlsx · Reactivos · fila 85 · unidad original «ml»
A86: REA-CAR-0085 | B86: No | D86: Cloruro de calcio dihidratado | E86: CaCl2∙2H2O | F86: 10035-04-8 | G86: Sólido | H86: g | I86: 1000 | J86: 900 | L86: =IF(D86="","",SUMIFS(Movimientos!$D$2:$D$2000,Movimientos!$B$2:$B$2000,A86)) -> 0 | M86: =IF(J86="","",J86-L86) -> 900 | N86: 41091 | O86: =IF(D86="","",IF(N86="","Sin fecha",IF(N86<TODAY(),"VENCIDO",IF(N86<TODAY()+90,"Por vencer","Vigente")))) -> VENCIDO | P86: 6G141206L | Q86: Carlo Erba | R86: 99 | S86: 10-13 | U86: SR036 | V86: Carolina Galvis Lora | W86: Reactivo | X86: Cantidad total del inventario | Z86: Inventario_Reactivos_Carepa.xlsx · Reactivos · fila 86
A87: REA-CAR-0086 | B87: No | D87: Cloruro de Cobalto | E87: ClCo2*6H2O | F87: 7791-13-1 | G87: Sólido | H87: g | I87: 25 | J87: 19 | L87: =IF(D87="","",SUMIFS(Movimientos!$D$2:$D$2000,Movimientos!$B$2:$B$2000,A87)) -> 0 | M87: =IF(J87="","",J87-L87) -> 19 | O87: =IF(D87="","",IF(N87="","Sin fecha",IF(N87<TODAY(),"VENCIDO",IF(N87<TODAY()+90,"Por vencer","Vigente")))) -> Sin fecha | Q87: Merck | R87: 100 | S87: 6.1 | V87: Carolina Galvis Lora | W87: Reactivo | X87: Cantidad total del inventario | Z87: Inventario_Reactivos_Carepa.xlsx · Reactivos · fila 87
A88: REA-CAR-0087 | B88: No | D88: cloruro de cobalto (ll) anhidro | F88: 7646-79-9 | G88: Sólido | H88: g | I88: 10 | J88: 3 | L88: =IF(D88="","",SUMIFS(Movimientos!$D$2:$D$2000,Movimientos!$B$2:$B$2000,A88)) -> 0 | M88: =IF(J88="","",J88-L88) -> 3 | O88: =IF(D88="","",IF(N88="","Sin fecha",IF(N88<TODAY(),"VENCIDO",IF(N88<TODAY()+90,"Por vencer","Vigente")))) -> Sin fecha | P88: S6844440 732 | Q88: Merck | R88: 97 | S88: 6.1 | V88: Carolina Galvis Lora | W88: Reactivo | X88: Cantidad total del inventario | Z88: Inventario_Reactivos_Carepa.xlsx · Reactivos · fila 88
A89: REA-CAR-0088 | B89: No | D89: Cloruro de cobre dihidrato | E89: CuCl₂ * 2 H₂O | F89: 10125-13-0 | G89: Sólido | H89: g | I89: 250 | J89: 100 | L89: =IF(D89="","",SUMIFS(Movimientos!$D$2:$D$2000,Movimientos!$B$2:$B$2000,A89)) -> 0 | M89: =IF(J89="","",J89-L89) -> 100 | N89: 41183 | O89: =IF(D89="","",IF(N89="","Sin fecha",IF(N89<TODAY(),"VENCIDO",IF(N89<TODAY()+90,"Por vencer","Vigente")))) -> VENCIDO | P89: 6L203106M | Q89: Carlo Erba | R89: 99 | S89: 8 | U89: SR022 | V89: Carolina Galvis Lora | W89: Reactivo | X89: Cantidad total del inventario | Z89: Inventario_Reactivos_Carepa.xlsx · Reactivos · fila 89
A90: REA-CAR-0089 | B90: Sí | C90: CAS con formato no estándar: «5470-11-01 00:00:00» | D90: Clorhidrato de hidroxilamonio | E90: NH2OH * HCl | G90: Sólido | H90: g | I90: 250 | J90: 250 | L90: =IF(D90="","",SUMIFS(Movimientos!$D$2:$D$2000,Movimientos!$B$2:$B$2000,A90)) -> 0 | M90: =IF(J90="","",J90-L90) -> 250 | O90: =IF(D90="","",IF(N90="","Sin fecha",IF(N90<TODAY(),"VENCIDO",IF(N90<TODAY()+90,"Por vencer","Vigente")))) -> Sin fecha | P90: S7359834 712 | Q90: Merck | R90: 98 | S90: 6.1 | V90: Carolina Galvis Lora | W90: Reactivo | X90: Cantidad total del inventario | Y90: CAS/código original: 5470-11-01 00:00:00 | Z90: Inventario_Reactivos_Carepa.xlsx · Reactivos · fila 90
A91: REA-CAR-0090 | B91: No | D91: Cloruro de Hierro(III) Hexahidratado | E91: FeCl3 * 6H2O | F91: 10025-77-1 | G91: Sólido | H91: g | I91: 1000 | J91: 800 | L91: =IF(D91="","",SUMIFS(Movimientos!$D$2:$D$2000,Movimientos!$B$2:$B$2000,A91)) -> 0 | M91: =IF(J91="","",J91-L91) -> 800 | O91: =IF(D91="","",IF(N91="","Sin fecha",IF(N91<TODAY(),"VENCIDO",IF(N91<TODAY()+90,"Por vencer","Vigente")))) -> Sin fecha | P91: 5V012684 | Q91: Panreac | R91: 99 | S91: 8 | V91: Carolina Galvis Lora | W91: Reactivo | X91: Cantidad total del inventario | Z91: Inventario_Reactivos_Carepa.xlsx · Reactivos · fila 91
A92: REA-CAR-0091 | B92: No | D92: Cloruro de magnesio Heptahidratado | E92: MgCl2 * 6H2O | F92: 7791-18-6 | G92: Sólido | H92: g | I92: 0 | J92: 0 | L92: =IF(D92="","",SUMIFS(Movimientos!$D$2:$D$2000,Movimientos!$B$2:$B$2000,A92)) -> 0 | M92: =IF(J92="","",J92-L92) -> 0 | N92: 41122 | O92: =IF(D92="","",IF(N92="","Sin fecha",IF(N92<TODAY(),"VENCIDO",IF(N92<TODAY()+90,"Por vencer","Vigente")))) -> VENCIDO | P92: 6H033106M | Q92: Carlo Erba | R92: 100 | S92: 10-9 | V92: Carolina Galvis Lora | W92: Reactivo | X92: Cantidad total del inventario | Z92: Inventario_Reactivos_Carepa.xlsx · Reactivos · fila 92
A93: REA-CAR-0092 | B93: No | D93: Cloruro de manganeso | E93: MnCl2 * 4H2O | F93: 13446-34-9 | G93: Sólido | H93: g | I93: 500 | J93: 220 | L93: =IF(D93="","",SUMIFS(Movimientos!$D$2:$D$2000,Movimientos!$B$2:$B$2000,A93)) -> 0 | M93: =IF(J93="","",J93-L93) -> 220 | O93: =IF(D93="","",IF(N93="","Sin fecha",IF(N93<TODAY(),"VENCIDO",IF(N93<TODAY()+90,"Por vencer","Vigente")))) -> Sin fecha | P93: 460156 | Q93: Carlo Erba | R93: 100 | S93: 10-12 | V93: Carolina Galvis Lora | W93: Reactivo | X93: Cantidad total del inventario | Z93: Inventario_Reactivos_Carepa.xlsx · Reactivos · fila 93
A94: REA-CAR-0093 | B94: No | D94: Cloruro de potasio | E94: KCl | F94: 7447-40-7 | G94: Sólido | H94: g | I94: 250 | J94: 150 | L94: =IF(D94="","",SUMIFS(Movimientos!$D$2:$D$2000,Movimientos!$B$2:$B$2000,A94)) -> 0 | M94: =IF(J94="","",J94-L94) -> 150 | O94: =IF(D94="","",IF(N94="","Sin fecha",IF(N94<TODAY(),"VENCIDO",IF(N94<TODAY()+90,"Por vencer","Vigente")))) -> Sin fecha | P94: K51228936 923 | Q94: Merck | R94: 100 | S94: 10-13 | V94: Carolina Galvis Lora | W94: Reactivo | X94: Cantidad total del inventario | Z94: Inventario_Reactivos_Carepa.xlsx · Reactivos · fila 94
A95: REA-CAR-0094 | B95: No | D95: Cloruro de potasio | E95: KCl | F95: 7447-40-7 | G95: Sólido | H95: g | I95: 250 | J95: 200 | L95: =IF(D95="","",SUMIFS(Movimientos!$D$2:$D$2000,Movimientos!$B$2:$B$2000,A95)) -> 0 | M95: =IF(J95="","",J95-L95) -> 200 | O95: =IF(D95="","",IF(N95="","Sin fecha",IF(N95<TODAY(),"VENCIDO",IF(N95<TODAY()+90,"Por vencer","Vigente")))) -> Sin fecha | P95: K54733336 317 | Q95: Merck | R95: 100 | S95: 10-13 | V95: Carolina Galvis Lora | W95: Reactivo | X95: Cantidad total del inventario | Z95: Inventario_Reactivos_Carepa.xlsx · Reactivos · fila 95
A96: REA-CAR-0095 | B96: No | D96: Cloruro de sodio | E96: NaCl | F96: 7647-14-5 | G96: Sólido | H96: g | I96: 1000 | J96: 250 | L96: =IF(D96="","",SUMIFS(Movimientos!$D$2:$D$2000,Movimientos!$B$2:$B$2000,A96)) -> 0 | M96: =IF(J96="","",J96-L96) -> 250 | O96: =IF(D96="","",IF(N96="","Sin fecha",IF(N96<TODAY(),"VENCIDO",IF(N96<TODAY()+90,"Por vencer","Vigente")))) -> Sin fecha | P96: K40001004 817 | Q96: Merck | R96: 100 | S96: 10-13 | U96: SR038 | V96: Carolina Galvis Lora | W96: Reactivo | X96: Cantidad total del inventario | Z96: Inventario_Reactivos_Carepa.xlsx · Reactivos · fila 96
A97: REA-CAR-0096 | B97: No | D97: Cloruro de sodio | E97: NaCl | F97: 7647-14-5 | G97: Sólido | H97: g | I97: 2000 | J97: 1500 | L97: =IF(D97="","",SUMIFS(Movimientos!$D$2:$D$2000,Movimientos!$B$2:$B$2000,A97)) -> 0 | M97: =IF(J97="","",J97-L97) -> 1500 | O97: =IF(D97="","",IF(N97="","Sin fecha",IF(N97<TODAY(),"VENCIDO",IF(N97<TODAY()+90,"Por vencer","Vigente")))) -> Sin fecha | P97: K52190904 041 | Q97: Merck | R97: 100 | S97: 10-13 | U97: SR038 | V97: Carolina Galvis Lora | W97: Reactivo | X97: Cantidad total del inventario | Z97: Inventario_Reactivos_Carepa.xlsx · Reactivos · fila 97
A98: REA-CAR-0097 | B98: No | D98: Cristal violeta | E98: C₂₅H₃₀ClN₃ | F98: 548-62-9 | G98: Sólido | H98: g | I98: 100 | J98: 50 | L98: =IF(D98="","",SUMIFS(Movimientos!$D$2:$D$2000,Movimientos!$B$2:$B$2000,A98)) -> 0 | M98: =IF(J98="","",J98-L98) -> 50 | N98: 46568 | O98: =IF(D98="","",IF(N98="","Sin fecha",IF(N98<TODAY(),"VENCIDO",IF(N98<TODAY()+90,"Por vencer","Vigente")))) -> Vigente | P98: FN1416840 905 | Q98: Merck | R98: 100 | S98: 10-13 | U98: SR015 | V98: Carolina Galvis Lora | W98: Reactivo | X98: Cantidad total del inventario | Z98: Inventario_Reactivos_Carepa.xlsx · Reactivos · fila 98
A99: REA-CAR-0098 | B99: No | D99: Solución de cristal Violeta | E99: C₂₅H₃₀ClN₃ | G99: Líquido | H99: mL | I99: 1000 | J99: 1000 | L99: =IF(D99="","",SUMIFS(Movimientos!$D$2:$D$2000,Movimientos!$B$2:$B$2000,A99)) -> 0 | M99: =IF(J99="","",J99-L99) -> 1000 | N99: 44439 | O99: =IF(D99="","",IF(N99="","Sin fecha",IF(N99<TODAY(),"VENCIDO",IF(N99<TODAY()+90,"Por vencer","Vigente")))) -> VENCIDO | P99: HX87219818 | Q99: Merck | R99: 100 | S99: 10-13 | U99: SR015 | V99: Carolina Galvis Lora | W99: Reactivo | X99: Cantidad total del inventario | Z99: Inventario_Reactivos_Carepa.xlsx · Reactivos · fila 99
A100: REA-CAR-0099 | B100: No | D100: D- Glucosa | E100: C6H12O6 | F100: 50-99-7 | G100: Sólido | H100: g | I100: 1000 | J100: 1000 | L100: =IF(D100="","",SUMIFS(Movimientos!$D$2:$D$2000,Movimientos!$B$2:$B$2000,A100)) -> 0 | M100: =IF(J100="","",J100-L100) -> 1000 | N100: 45747 | O100: =IF(D100="","",IF(N100="","Sin fecha",IF(N100<TODAY(),"VENCIDO",IF(N100<TODAY()+90,"Por vencer","Vigente")))) -> VENCIDO | P100: K52585537 103 | Q100: Merck | S100: 10-13 | U100: SR046 | V100: Carolina Galvis Lora | W100: Reactivo | X100: Cantidad total del inventario | Z100: Inventario_Reactivos_Carepa.xlsx · Reactivos · fila 100
...

Sheet Movimientos
A1: Fecha | B1: ID reactivo | C1: Reactivo | D1: Cantidad usada | E1: Unidad | F1: Sesión / práctica | G1: Registró (técnico) | H1: Observación
C2: =IF(B2="","",IFERROR(INDEX(Reactivos!$D$2:$D$435,MATCH(B2,Reactivos!$A$2:$A$435,0)),"ID no existe")) | E2: =IF(B2="","",IFERROR(INDEX(Reactivos!$H$2:$H$435,MATCH(B2,Reactivos!$A$2:$A$435,0)),""))
C3: =IF(B3="","",IFERROR(INDEX(Reactivos!$D$2:$D$435,MATCH(B3,Reactivos!$A$2:$A$435,0)),"ID no existe")) | E3: =IF(B3="","",IFERROR(INDEX(Reactivos!$H$2:$H$435,MATCH(B3,Reactivos!$A$2:$A$435,0)),""))
C4: =IF(B4="","",IFERROR(INDEX(Reactivos!$D$2:$D$435,MATCH(B4,Reactivos!$A$2:$A$435,0)),"ID no existe")) | E4: =IF(B4="","",IFERROR(INDEX(Reactivos!$H$2:$H$435,MATCH(B4,Reactivos!$A$2:$A$435,0)),""))
C5: =IF(B5="","",IFERROR(INDEX(Reactivos!$D$2:$D$435,MATCH(B5,Reactivos!$A$2:$A$435,0)),"ID no existe")) | E5: =IF(B5="","",IFERROR(INDEX(Reactivos!$H$2:$H$435,MATCH(B5,Reactivos!$A$2:$A$435,0)),""))
C6: =IF(B6="","",IFERROR(INDEX(Reactivos!$D$2:$D$435,MATCH(B6,Reactivos!$A$2:$A$435,0)),"ID no existe")) | E6: =IF(B6="","",IFERROR(INDEX(Reactivos!$H$2:$H$435,MATCH(B6,Reactivos!$A$2:$A$435,0)),""))
C7: =IF(B7="","",IFERROR(INDEX(Reactivos!$D$2:$D$435,MATCH(B7,Reactivos!$A$2:$A$435,0)),"ID no existe")) | E7: =IF(B7="","",IFERROR(INDEX(Reactivos!$H$2:$H$435,MATCH(B7,Reactivos!$A$2:$A$435,0)),""))
C8: =IF(B8="","",IFERROR(INDEX(Reactivos!$D$2:$D$435,MATCH(B8,Reactivos!$A$2:$A$435,0)),"ID no existe")) | E8: =IF(B8="","",IFERROR(INDEX(Reactivos!$H$2:$H$435,MATCH(B8,Reactivos!$A$2:$A$435,0)),""))
C9: =IF(B9="","",IFERROR(INDEX(Reactivos!$D$2:$D$435,MATCH(B9,Reactivos!$A$2:$A$435,0)),"ID no existe")) | E9: =IF(B9="","",IFERROR(INDEX(Reactivos!$H$2:$H$435,MATCH(B9,Reactivos!$A$2:$A$435,0)),""))
C10: =IF(B10="","",IFERROR(INDEX(Reactivos!$D$2:$D$435,MATCH(B10,Reactivos!$A$2:$A$435,0)),"ID no existe")) | E10: =IF(B10="","",IFERROR(INDEX(Reactivos!$H$2:$H$435,MATCH(B10,Reactivos!$A$2:$A$435,0)),""))
C11: =IF(B11="","",IFERROR(INDEX(Reactivos!$D$2:$D$435,MATCH(B11,Reactivos!$A$2:$A$435,0)),"ID no existe")) | E11: =IF(B11="","",IFERROR(INDEX(Reactivos!$H$2:$H$435,MATCH(B11,Reactivos!$A$2:$A$435,0)),""))
C12: =IF(B12="","",IFERROR(INDEX(Reactivos!$D$2:$D$435,MATCH(B12,Reactivos!$A$2:$A$435,0)),"ID no existe")) | E12: =IF(B12="","",IFERROR(INDEX(Reactivos!$H$2:$H$435,MATCH(B12,Reactivos!$A$2:$A$435,0)),""))
C13: =IF(B13="","",IFERROR(INDEX(Reactivos!$D$2:$D$435,MATCH(B13,Reactivos!$A$2:$A$435,0)),"ID no existe")) | E13: =IF(B13="","",IFERROR(INDEX(Reactivos!$H$2:$H$435,MATCH(B13,Reactivos!$A$2:$A$435,0)),""))
... C2001: =IF(B2001="","",IFERROR(INDEX(Reactivos!$D$2:$D$435,MATCH(B2001,Reactivos!$A$2:$A$435,0)),"ID no existe")) | E2001: =IF(B2001="","",IFERROR(INDEX(Reactivos!$H$2:$H$435,MATCH(B2001,Reactivos!$A$2:$A$435,0)),""))

Sheet Equipos
A1: ID | B1: Revisar | C1: Motivo de revisión | D1: Equipo | E1: Marca | F1: Modelo | G1: Serie | H1: Cód. activo | I1: N° inventario | J1: Salón o laboratorio | K1: Área | L1: Cantidad | M1: Estado | N1: Condición | O1: Prestado o enviado a | P1: Disponibilidad para prácticas | Q1: Responsable | R1: Fecha del inventario | S1: Observaciones | T1: Origen (archivo · hoja · fila)
A2: EQP-CAR-0001 | B2: No | D2: ESTERIOSCOPIO | E2: OPTIKA | F2: SZM-2 | G2: 390835 | H2: 027797 | I2: 151909 | J2: 101 | L2: 1 | M2: Operativo | N2: Buena | P2: =IF(D2="","",IF(M2="Baja","No: dado de baja",IF(M2="Fuera de servicio","No: fuera de servicio",IF(M2="En mantenimiento","No: en mantenimiento",IF(O2<>"","Sí, pero está en "&O2&": hacer el traslado a Carepa","Sí"))))) -> Sí | T2: Inventario_Equipos_Carepa.xlsx · Carepa · fila 2
A3: EQP-CAR-0002 | B3: No | D3: ESTERIOSCOPIO | E3: OPTIKA | F3: SZM-2 | G3: 390839 | H3: 027798 | I3: 151910 | J3: 101 | L3: 1 | M3: Operativo | N3: Buena | P3: =IF(D3="","",IF(M3="Baja","No: dado de baja",IF(M3="Fuera de servicio","No: fuera de servicio",IF(M3="En mantenimiento","No: en mantenimiento",IF(O3<>"","Sí, pero está en "&O3&": hacer el traslado a Carepa","Sí"))))) -> Sí | T3: Inventario_Equipos_Carepa.xlsx · Carepa · fila 3
A4: EQP-CAR-0003 | B4: No | D4: ESTERIOSCOPIO | E4: OPTIKA | F4: SZM-2 | G4: 390834 | H4: 027800 | I4: 151912 | J4: 101 | L4: 1 | M4: Operativo | N4: Buena | P4: =IF(D4="","",IF(M4="Baja","No: dado de baja",IF(M4="Fuera de servicio","No: fuera de servicio",IF(M4="En mantenimiento","No: en mantenimiento",IF(O4<>"","Sí, pero está en "&O4&": hacer el traslado a Carepa","Sí"))))) -> Sí | T4: Inventario_Equipos_Carepa.xlsx · Carepa · fila 4
A5: EQP-CAR-0004 | B5: No | D5: ESTERIOSCOPIO | E5: OPTIKA | F5: SZM-2 | G5: 390847 | H5: 027801 | I5: 151913 | J5: 101 | L5: 1 | M5: Operativo | N5: Buena | P5: =IF(D5="","",IF(M5="Baja","No: dado de baja",IF(M5="Fuera de servicio","No: fuera de servicio",IF(M5="En mantenimiento","No: en mantenimiento",IF(O5<>"","Sí, pero está en "&O5&": hacer el traslado a Carepa","Sí"))))) -> Sí | T5: Inventario_Equipos_Carepa.xlsx · Carepa · fila 5
A6: EQP-CAR-0005 | B6: No | D6: ESTERIOSCOPIO | E6: OPTIKA | F6: SZM-2 | G6: 390841 | H6: 027802 | I6: 151914 | J6: 101 | L6: 1 | M6: Operativo | N6: Buena | P6: =IF(D6="","",IF(M6="Baja","No: dado de baja",IF(M6="Fuera de servicio","No: fuera de servicio",IF(M6="En mantenimiento","No: en mantenimiento",IF(O6<>"","Sí, pero está en "&O6&": hacer el traslado a Carepa","Sí"))))) -> Sí | T6: Inventario_Equipos_Carepa.xlsx · Carepa · fila 6
A7: EQP-CAR-0006 | B7: No | D7: ESTERIOSCOPIO | E7: OPTIKA | F7: SZM-2 | G7: 390836 | H7: 027803 | I7: 151915 | J7: 101 | L7: 1 | M7: Operativo | N7: Buena | P7: =IF(D7="","",IF(M7="Baja","No: dado de baja",IF(M7="Fuera de servicio","No: fuera de servicio",IF(M7="En mantenimiento","No: en mantenimiento",IF(O7<>"","Sí, pero está en "&O7&": hacer el traslado a Carepa","Sí"))))) -> Sí | T7: Inventario_Equipos_Carepa.xlsx · Carepa · fila 7
A8: EQP-CAR-0007 | B8: No | D8: ESTERIOSCOPIO | E8: OPTIKA | F8: SZM-2 | G8: 390833 | H8: 027804 | I8: 151916 | J8: 101 | L8: 1 | M8: Operativo | N8: Buena | P8: =IF(D8="","",IF(M8="Baja","No: dado de baja",IF(M8="Fuera de servicio","No: fuera de servicio",IF(M8="En mantenimiento","No: en mantenimiento",IF(O8<>"","Sí, pero está en "&O8&": hacer el traslado a Carepa","Sí"))))) -> Sí | T8: Inventario_Equipos_Carepa.xlsx · Carepa · fila 8
A9: EQP-CAR-0008 | B9: No | D9: ESTERIOSCOPIO | E9: OPTIKA | F9: SZM-2 | G9: 390843 | H9: 027807 | I9: 151919 | J9: 101 | L9: 1 | M9: Operativo | N9: Buena | P9: =IF(D9="","",IF(M9="Baja","No: dado de baja",IF(M9="Fuera de servicio","No: fuera de servicio",IF(M9="En mantenimiento","No: en mantenimiento",IF(O9<>"","Sí, pero está en "&O9&": hacer el traslado a Carepa","Sí"))))) -> Sí | T9: Inventario_Equipos_Carepa.xlsx · Carepa · fila 9
A10: EQP-CAR-0009 | B10: No | D10: ESTERIOSCOPIO | E10: OPTIKA | F10: SZM-2 | G10: 390838 | H10: 027808 | I10: 151920 | J10: 101 | L10: 1 | M10: Operativo | N10: Buena | P10: =IF(D10="","",IF(M10="Baja","No: dado de baja",IF(M10="Fuera de servicio","No: fuera de servicio",IF(M10="En mantenimiento","No: en mantenimiento",IF(O10<>"","Sí, pero está en "&O10&": hacer el traslado a Carepa","Sí"))))) -> Sí | T10: Inventario_Equipos_Carepa.xlsx · Carepa · fila 10
A11: EQP-CAR-0010 | B11: No | D11: ESTERIOSCOPIO | E11: OPTIKA | F11: SZM-2 | G11: 390837 | H11: 027810 | I11: 151922 | J11: 101 | L11: 1 | M11: Operativo | N11: Buena | P11: =IF(D11="","",IF(M11="Baja","No: dado de baja",IF(M11="Fuera de servicio","No: fuera de servicio",IF(M11="En mantenimiento","No: en mantenimiento",IF(O11<>"","Sí, pero está en "&O11&": hacer el traslado a Carepa","Sí"))))) -> Sí | T11: Inventario_Equipos_Carepa.xlsx · Carepa · fila 11
A12: EQP-CAR-0011 | B12: No | D12: ESTERIOSCOPIO | E12: OPTIKA | F12: SZM-2 | G12: 390844 | H12: 027811 | I12: 151923 | J12: 101 | L12: 1 | M12: Operativo | N12: Buena | P12: =IF(D12="","",IF(M12="Baja","No: dado de baja",IF(M12="Fuera de servicio","No: fuera de servicio",IF(M12="En mantenimiento","No: en mantenimiento",IF(O12<>"","Sí, pero está en "&O12&": hacer el traslado a Carepa","Sí"))))) -> Sí | T12: Inventario_Equipos_Carepa.xlsx · Carepa · fila 12
A13: EQP-CAR-0012 | B13: No | D13: ESTERIOSCOPIO | E13: OPTIKA | F13: SZM-2 | G13: 390845 | H13: 027812 | I13: 151924 | J13: 101 | L13: 1 | M13: Operativo | N13: Buena | P13: =IF(D13="","",IF(M13="Baja","No: dado de baja",IF(M13="Fuera de servicio","No: fuera de servicio",IF(M13="En mantenimiento","No: en mantenimiento",IF(O13<>"","Sí, pero está en "&O13&": hacer el traslado a Carepa","Sí"))))) -> Sí | T13: Inventario_Equipos_Carepa.xlsx · Carepa · fila 13
A14: EQP-CAR-0013 | B14: No | D14: ESTERIOSCOPIO | E14: OPTIKA | F14: SZM-2 | G14: 390840 | H14: 027813 | I14: 151925 | J14: 101 | L14: 1 | M14: Operativo | N14: Buena | P14: =IF(D14="","",IF(M14="Baja","No: dado de baja",IF(M14="Fuera de servicio","No: fuera de servicio",IF(M14="En mantenimiento","No: en mantenimiento",IF(O14<>"","Sí, pero está en "&O14&": hacer el traslado a Carepa","Sí"))))) -> Sí | T14: Inventario_Equipos_Carepa.xlsx · Carepa · fila 14
A15: EQP-CAR-0014 | B15: Sí | C15: Préstamo o envío a Medellín (Centro de Instrumentación): registrar el traslado | D15: MICROSCOPIO | E15: OPTIKA | F15: B-352PL | G15: 388881 | H15: 027780 | I15: 151856 | L15: 1 | M15: Fuera de servicio | N15: Mala | O15: Medellín (Centro de Instrumentación) | P15: =IF(D15="","",IF(M15="Baja","No: dado de baja",IF(M15="Fuera de servicio","No: fuera de servicio",IF(M15="En mantenimiento","No: en mantenimiento",IF(O15<>"","Sí, pero está en "&O15&": hacer el traslado a Carepa","Sí"))))) -> No: fuera de servicio | S15: Ubicación original: Enviado al CII | T15: Inventario_Equipos_Carepa.xlsx · Carepa · fila 15
A16: EQP-CAR-0015 | B16: No | D16: MICROSCOPIO | E16: OPTIKA | F16: B-352PL | G16: 388884 | H16: 027781 | I16: 151857 | J16: 101 | L16: 1 | M16: Operativo | N16: Regular | P16: =IF(D16="","",IF(M16="Baja","No: dado de baja",IF(M16="Fuera de servicio","No: fuera de servicio",IF(M16="En mantenimiento","No: en mantenimiento",IF(O16<>"","Sí, pero está en "&O16&": hacer el traslado a Carepa","Sí"))))) -> Sí | T16: Inventario_Equipos_Carepa.xlsx · Carepa · fila 16
A17: EQP-CAR-0016 | B17: No | D17: MICROSCOPIO | E17: OPTIKA | F17: B-352PL | G17: 388889 | H17: 027782 | I17: 151858 | J17: 101 | L17: 1 | M17: Operativo | N17: Regular | P17: =IF(D17="","",IF(M17="Baja","No: dado de baja",IF(M17="Fuera de servicio","No: fuera de servicio",IF(M17="En mantenimiento","No: en mantenimiento",IF(O17<>"","Sí, pero está en "&O17&": hacer el traslado a Carepa","Sí"))))) -> Sí | T17: Inventario_Equipos_Carepa.xlsx · Carepa · fila 17
A18: EQP-CAR-0017 | B18: Sí | C18: Préstamo o envío a Medellín (Centro de Instrumentación): registrar el traslado | D18: MICROSCOPIO | E18: OPTIKA | F18: B-352PL | G18: 388893 | H18: 027783 | I18: 151859 | L18: 1 | M18: Baja | N18: Regular | O18: Medellín (Centro de Instrumentación) | P18: =IF(D18="","",IF(M18="Baja","No: dado de baja",IF(M18="Fuera de servicio","No: fuera de servicio",IF(M18="En mantenimiento","No: en mantenimiento",IF(O18<>"","Sí, pero está en "&O18&": hacer el traslado a Carepa","Sí"))))) -> No: dado de baja | S18: DADO DE BAJA | Ubicación original: Enviado a Medellin | T18: Inventario_Equipos_Carepa.xlsx · Carepa · fila 18
A19: EQP-CAR-0018 | B19: Sí | C19: Préstamo o envío a Medellín (Centro de Instrumentación): registrar el traslado | D19: MICROSCOPIO | E19: OPTIKA | F19: B-352PL | G19: 388886 | H19: 027784 | I19: 151860 | L19: 1 | M19: Baja | N19: Mala | O19: Medellín (Centro de Instrumentación) | P19: =IF(D19="","",IF(M19="Baja","No: dado de baja",IF(M19="Fuera de servicio","No: fuera de servicio",IF(M19="En mantenimiento","No: en mantenimiento",IF(O19<>"","Sí, pero está en "&O19&": hacer el traslado a Carepa","Sí"))))) -> No: dado de baja | S19: DADO DE BAJA | Ubicación original: Enviado al CII | T19: Inventario_Equipos_Carepa.xlsx · Carepa · fila 19
A20: EQP-CAR-0019 | B20: No | D20: MICROSCOPIO | E20: OPTIKA | F20: B-352PL | G20: 388894 | H20: 027786 | I20: 151862 | J20: 101 | L20: 1 | M20: Operativo | N20: Regular | P20: =IF(D20="","",IF(M20="Baja","No: dado de baja",IF(M20="Fuera de servicio","No: fuera de servicio",IF(M20="En mantenimiento","No: en mantenimiento",IF(O20<>"","Sí, pero está en "&O20&": hacer el traslado a Carepa","Sí"))))) -> Sí | T20: Inventario_Equipos_Carepa.xlsx · Carepa · fila 20
A21: EQP-CAR-0020 | B21: Sí | C21: Préstamo o envío a Medellín (Centro de Instrumentación): registrar el traslado | D21: MICROSCOPIO | E21: OPTIKA | F21: B-352PL | G21: 388879 | H21: 027787 | I21: 151863 | L21: 1 | M21: Baja | N21: Mala | O21: Medellín (Centro de Instrumentación) | P21: =IF(D21="","",IF(M21="Baja","No: dado de baja",IF(M21="Fuera de servicio","No: fuera de servicio",IF(M21="En mantenimiento","No: en mantenimiento",IF(O21<>"","Sí, pero está en "&O21&": hacer el traslado a Carepa","Sí"))))) -> No: dado de baja | S21: DADO DE BAJA | Malo (ocular izquierdo malo) | Ubicación original: Enviado al CII | T21: Inventario_Equipos_Carepa.xlsx · Carepa · fila 21
A22: EQP-CAR-0021 | B22: Sí | C22: Préstamo o envío a Medellín (Centro de Instrumentación): registrar el traslado | D22: MICROSCOPIO | E22: OPTIKA | F22: B-352PL | G22: 388883 | H22: 027788 | I22: 151864 | L22: 1 | M22: Baja | N22: Regular | O22: Medellín (Centro de Instrumentación) | P22: =IF(D22="","",IF(M22="Baja","No: dado de baja",IF(M22="Fuera de servicio","No: fuera de servicio",IF(M22="En mantenimiento","No: en mantenimiento",IF(O22<>"","Sí, pero está en "&O22&": hacer el traslado a Carepa","Sí"))))) -> No: dado de baja | S22: DADO DE BAJA | Ubicación original: Enviado a Medellin | T22: Inventario_Equipos_Carepa.xlsx · Carepa · fila 22
A23: EQP-CAR-0022 | B23: No | D23: MICROSCOPIO | E23: OPTIKA | F23: B-352PL | G23: 388890 | H23: 027789 | I23: 151865 | J23: 101 | L23: 1 | M23: Operativo | N23: Regular | P23: =IF(D23="","",IF(M23="Baja","No: dado de baja",IF(M23="Fuera de servicio","No: fuera de servicio",IF(M23="En mantenimiento","No: en mantenimiento",IF(O23<>"","Sí, pero está en "&O23&": hacer el traslado a Carepa","Sí"))))) -> Sí | T23: Inventario_Equipos_Carepa.xlsx · Carepa · fila 23
A24: EQP-CAR-0023 | B24: Sí | C24: Préstamo o envío a Medellín (Centro de Instrumentación): registrar el traslado | D24: MICROSCOPIO | E24: OPTIKA | F24: B-352PL | G24: 388895 | H24: 027790 | I24: 151866 | L24: 1 | M24: Baja | N24: Mala | O24: Medellín (Centro de Instrumentación) | P24: =IF(D24="","",IF(M24="Baja","No: dado de baja",IF(M24="Fuera de servicio","No: fuera de servicio",IF(M24="En mantenimiento","No: en mantenimiento",IF(O24<>"","Sí, pero está en "&O24&": hacer el traslado a Carepa","Sí"))))) -> No: dado de baja | S24: DADO DE BAJA | Ubicación original: Enviado al CII | T24: Inventario_Equipos_Carepa.xlsx · Carepa · fila 24
A25: EQP-CAR-0024 | B25: No | D25: MICROSCOPIO | E25: OPTIKA | F25: B-352PL | G25: 388880 | H25: 027791 | I25: 151867 | J25: 101 | L25: 1 | M25: Operativo | N25: Regular | P25: =IF(D25="","",IF(M25="Baja","No: dado de baja",IF(M25="Fuera de servicio","No: fuera de servicio",IF(M25="En mantenimiento","No: en mantenimiento",IF(O25<>"","Sí, pero está en "&O25&": hacer el traslado a Carepa","Sí"))))) -> Sí | T25: Inventario_Equipos_Carepa.xlsx · Carepa · fila 25
A26: EQP-CAR-0025 | B26: Sí | C26: Pendiente de dar de baja; Préstamo o envío a Medellín (Centro de Instrumentación): registrar el traslado | D26: MICROSCOPIO | E26: OPTIKA | F26: B-352PL | G26: 388891 | H26: 027793 | I26: 151869 | L26: 1 | M26: Fuera de servicio | N26: Regular | O26: Medellín (Centro de Instrumentación) | P26: =IF(D26="","",IF(M26="Baja","No: dado de baja",IF(M26="Fuera de servicio","No: fuera de servicio",IF(M26="En mantenimiento","No: en mantenimiento",IF(O26<>"","Sí, pero está en "&O26&": hacer el traslado a Carepa","Sí"))))) -> No: fuera de servicio | S26: Dar de baja | Ubicación original: Enviado a Medellin | T26: Inventario_Equipos_Carepa.xlsx · Carepa · fila 26
A27: EQP-CAR-0026 | B27: No | D27: MICROSCOPIO | E27: OPTIKA | F27: B-352PL | G27: 388888 | H27: 027794 | I27: 151870 | J27: 101 | L27: 1 | M27: Operativo | N27: Regular | P27: =IF(D27="","",IF(M27="Baja","No: dado de baja",IF(M27="Fuera de servicio","No: fuera de servicio",IF(M27="En mantenimiento","No: en mantenimiento",IF(O27<>"","Sí, pero está en "&O27&": hacer el traslado a Carepa","Sí"))))) -> Sí | T27: Inventario_Equipos_Carepa.xlsx · Carepa · fila 27
A28: EQP-CAR-0027 | B28: No | D28: MICROSCOPIO | E28: OPTIKA | F28: B-352PL | G28: 388885 | H28: 027795 | I28: 151871 | J28: 101 | L28: 1 | M28: Operativo | N28: Regular | P28: =IF(D28="","",IF(M28="Baja","No: dado de baja",IF(M28="Fuera de servicio","No: fuera de servicio",IF(M28="En mantenimiento","No: en mantenimiento",IF(O28<>"","Sí, pero está en "&O28&": hacer el traslado a Carepa","Sí"))))) -> Sí | T28: Inventario_Equipos_Carepa.xlsx · Carepa · fila 28
A29: EQP-CAR-0028 | B29: No | D29: MICROSCOPIO | E29: OPTIKA | F29: B-352PL | G29: 388892 | H29: 027796 | I29: 151872 | J29: 101 | L29: 1 | M29: Operativo | N29: Regular | P29: =IF(D29="","",IF(M29="Baja","No: dado de baja",IF(M29="Fuera de servicio","No: fuera de servicio",IF(M29="En mantenimiento","No: en mantenimiento",IF(O29<>"","Sí, pero está en "&O29&": hacer el traslado a Carepa","Sí"))))) -> Sí | T29: Inventario_Equipos_Carepa.xlsx · Carepa · fila 29
A30: EQP-CAR-0029 | B30: No | D30: OLLA AUTOCLAVE | E30: WARNING | F30: 25X-1 | G30: D0030361 | H30: 027764 | I30: 158587 | J30: 101 | L30: 1 | M30: Operativo | N30: Buena | P30: =IF(D30="","",IF(M30="Baja","No: dado de baja",IF(M30="Fuera de servicio","No: fuera de servicio",IF(M30="En mantenimiento","No: en mantenimiento",IF(O30<>"","Sí, pero está en "&O30&": hacer el traslado a Carepa","Sí"))))) -> Sí | T30: Inventario_Equipos_Carepa.xlsx · Carepa · fila 30
A31: EQP-CAR-0030 | B31: No | D31: OLLA AUTOCLAVE | E31: WARNING | F31: 25X-1 | G31: D0030379 | H31: 027763 | I31: 158586 | J31: 103 | L31: 1 | M31: Operativo | N31: Buena | P31: =IF(D31="","",IF(M31="Baja","No: dado de baja",IF(M31="Fuera de servicio","No: fuera de servicio",IF(M31="En mantenimiento","No: en mantenimiento",IF(O31<>"","Sí, pero está en "&O31&": hacer el traslado a Carepa","Sí"))))) -> Sí | T31: Inventario_Equipos_Carepa.xlsx · Carepa · fila 31
A32: EQP-CAR-0031 | B32: No | D32: CABINA DE FLUJO LAMINAR | E32: GRUPO C4 | F32: MIN120 | G32: 362212 | I32: 204424 | J32: 101 | L32: 1 | M32: Operativo | N32: Buena | P32: =IF(D32="","",IF(M32="Baja","No: dado de baja",IF(M32="Fuera de servicio","No: fuera de servicio",IF(M32="En mantenimiento","No: en mantenimiento",IF(O32<>"","Sí, pero está en "&O32&": hacer el traslado a Carepa","Sí"))))) -> Sí | T32: Inventario_Equipos_Carepa.xlsx · Carepa · fila 32
A33: EQP-CAR-0032 | B33: No | D33: AUTOCLAVE | E33: PINGLOBAL | F33: 2021/Ref.JPA50LV | G33: 4588739 | I33: 189317 | J33: 101 | L33: 1 | M33: Operativo | N33: Buena | P33: =IF(D33="","",IF(M33="Baja","No: dado de baja",IF(M33="Fuera de servicio","No: fuera de servicio",IF(M33="En mantenimiento","No: en mantenimiento",IF(O33<>"","Sí, pero está en "&O33&": hacer el traslado a Carepa","Sí"))))) -> Sí | T33: Inventario_Equipos_Carepa.xlsx · Carepa · fila 33
A34: EQP-CAR-0033 | B34: No | D34: INCUBADORA | E34: BINDER | F34: ED-115 | G34: 13-16020 | H34: 027766 | I34: 151470 | J34: 101 | L34: 1 | M34: Operativo | N34: Buena | P34: =IF(D34="","",IF(M34="Baja","No: dado de baja",IF(M34="Fuera de servicio","No: fuera de servicio",IF(M34="En mantenimiento","No: en mantenimiento",IF(O34<>"","Sí, pero está en "&O34&": hacer el traslado a Carepa","Sí"))))) -> Sí | T34: Inventario_Equipos_Carepa.xlsx · Carepa · fila 34
A35: EQP-CAR-0034 | B35: No | D35: INCUBADORA | E35: BINDER | F35: ED-116 | G35: 13-16017 | H35: 036210 | I35: 152753 | J35: 101 | L35: 1 | M35: Operativo | N35: Buena | P35: =IF(D35="","",IF(M35="Baja","No: dado de baja",IF(M35="Fuera de servicio","No: fuera de servicio",IF(M35="En mantenimiento","No: en mantenimiento",IF(O35<>"","Sí, pero está en "&O35&": hacer el traslado a Carepa","Sí"))))) -> Sí | T35: Inventario_Equipos_Carepa.xlsx · Carepa · fila 35
A36: EQP-CAR-0035 | B36: No | D36: NEVERA DE 213L | E36: HACEB | F36: H6161FT22 | I36: 193005 | J36: 102 | L36: 1 | M36: Operativo | N36: Buena | P36: =IF(D36="","",IF(M36="Baja","No: dado de baja",IF(M36="Fuera de servicio","No: fuera de servicio",IF(M36="En mantenimiento","No: en mantenimiento",IF(O36<>"","Sí, pero está en "&O36&": hacer el traslado a Carepa","Sí"))))) -> Sí | T36: Inventario_Equipos_Carepa.xlsx · Carepa · fila 36
A37: EQP-CAR-0036 | B37: No | D37: NEVERA DE 213L | E37: HACEB | F37: H6161FT22 | I37: 193006 | J37: 103 | L37: 1 | M37: Operativo | N37: Buena | P37: =IF(D37="","",IF(M37="Baja","No: dado de baja",IF(M37="Fuera de servicio","No: fuera de servicio",IF(M37="En mantenimiento","No: en mantenimiento",IF(O37<>"","Sí, pero está en "&O37&": hacer el traslado a Carepa","Sí"))))) -> Sí | T37: Inventario_Equipos_Carepa.xlsx · Carepa · fila 37
A38: EQP-CAR-0037 | B38: No | D38: NEVERA de 420 litros | E38: Haceb | F38: NEV AS 420L SE 2P DA TI | G38: 90356431 | H38: 027893 | I38: 152752 | J38: 101 | L38: 1 | M38: Operativo | N38: Buena | P38: =IF(D38="","",IF(M38="Baja","No: dado de baja",IF(M38="Fuera de servicio","No: fuera de servicio",IF(M38="En mantenimiento","No: en mantenimiento",IF(O38<>"","Sí, pero está en "&O38&": hacer el traslado a Carepa","Sí"))))) -> Sí | T38: Inventario_Equipos_Carepa.xlsx · Carepa · fila 38
A39: EQP-CAR-0038 | B39: No | D39: ULTRACONGELADOR | E39: THERMO SCIENTIFIC | J39: 103 | L39: 1 | M39: Operativo | N39: Buena | P39: =IF(D39="","",IF(M39="Baja","No: dado de baja",IF(M39="Fuera de servicio","No: fuera de servicio",IF(M39="En mantenimiento","No: en mantenimiento",IF(O39<>"","Sí, pero está en "&O39&": hacer el traslado a Carepa","Sí"))))) -> Sí | T39: Inventario_Equipos_Carepa.xlsx · Carepa · fila 39
A40: EQP-CAR-0039 | B40: No | D40: REFRIGERADOR -20 | E40: INDUSFRIAL | G40: J15CDC3VN | H40: 027722 | I40: 162232 | J40: 103 | L40: 1 | M40: Fuera de servicio | N40: Mala | P40: =IF(D40="","",IF(M40="Baja","No: dado de baja",IF(M40="Fuera de servicio","No: fuera de servicio",IF(M40="En mantenimiento","No: en mantenimiento",IF(O40<>"","Sí, pero está en "&O40&": hacer el traslado a Carepa","Sí"))))) -> No: fuera de servicio | T40: Inventario_Equipos_Carepa.xlsx · Carepa · fila 40
A41: EQP-CAR-0040 | B41: No | D41: CONGELADOR | E41: ECOFRIAL | F41: ICC-150 | H41: 027713 | I41: 162429 | J41: 103 | L41: 1 | M41: Fuera de servicio | N41: Mala | P41: =IF(D41="","",IF(M41="Baja","No: dado de baja",IF(M41="Fuera de servicio","No: fuera de servicio",IF(M41="En mantenimiento","No: en mantenimiento",IF(O41<>"","Sí, pero está en "&O41&": hacer el traslado a Carepa","Sí"))))) -> No: fuera de servicio | T41: Inventario_Equipos_Carepa.xlsx · Carepa · fila 41
A42: EQP-CAR-0041 | B42: No | D42: PLANCHA DE CALENTAMIENTO Y AGITACION | E42: SI ANALYTICS | F42: SLHS-110 | G42: 869543 | H42: 027777 | I42: 153451 | J42: 102 | L42: 1 | M42: Operativo | N42: Buena | P42: =IF(D42="","",IF(M42="Baja","No: dado de baja",IF(M42="Fuera de servicio","No: fuera de servicio",IF(M42="En mantenimiento","No: en mantenimiento",IF(O42<>"","Sí, pero está en "&O42&": hacer el traslado a Carepa","Sí"))))) -> Sí | T42: Inventario_Equipos_Carepa.xlsx · Carepa · fila 42
A43: EQP-CAR-0042 | B43: No | D43: PLANCHA DE CALENTAMIENTO Y AGITACION | E43: SI ANALYTICS | F43: SLHS-110 | G43: 869547 | I43: 153455 | J43: 102 | L43: 1 | M43: Operativo | N43: Buena | P43: =IF(D43="","",IF(M43="Baja","No: dado de baja",IF(M43="Fuera de servicio","No: fuera de servicio",IF(M43="En mantenimiento","No: en mantenimiento",IF(O43<>"","Sí, pero está en "&O43&": hacer el traslado a Carepa","Sí"))))) -> Sí | T43: Inventario_Equipos_Carepa.xlsx · Carepa · fila 43
A44: EQP-CAR-0043 | B44: No | D44: PLANCHA DE CALENTAMIENTO Y AGITACION | E44: SI ANALYTICS | F44: SLHS-110 | G44: 869545 | H44: 027879 | I44: 153453 | J44: 102 | L44: 1 | M44: Operativo | N44: Buena | P44: =IF(D44="","",IF(M44="Baja","No: dado de baja",IF(M44="Fuera de servicio","No: fuera de servicio",IF(M44="En mantenimiento","No: en mantenimiento",IF(O44<>"","Sí, pero está en "&O44&": hacer el traslado a Carepa","Sí"))))) -> Sí | T44: Inventario_Equipos_Carepa.xlsx · Carepa · fila 44
A45: EQP-CAR-0044 | B45: No | D45: PLANCHA DE CALENTAMIENTO Y AGITACION | E45: SI ANALYTICS | F45: SLHS-110 | G45: 869546 | H45: 027880 | I45: 153454 | J45: 102 | L45: 1 | M45: Operativo | N45: Buena | P45: =IF(D45="","",IF(M45="Baja","No: dado de baja",IF(M45="Fuera de servicio","No: fuera de servicio",IF(M45="En mantenimiento","No: en mantenimiento",IF(O45<>"","Sí, pero está en "&O45&": hacer el traslado a Carepa","Sí"))))) -> Sí | T45: Inventario_Equipos_Carepa.xlsx · Carepa · fila 45
A46: EQP-CAR-0045 | B46: Sí | C46: Serie repetida en otra fila: 20140915208 | D46: PLANCHA DE CALENTAMIENTO Y AGITACION | E46: BENCHMARK | F46: H400HS | G46: 20140915208 | H46: 036180 | I46: 162426 | J46: 102 | L46: 1 | M46: Operativo | N46: Buena | P46: =IF(D46="","",IF(M46="Baja","No: dado de baja",IF(M46="Fuera de servicio","No: fuera de servicio",IF(M46="En mantenimiento","No: en mantenimiento",IF(O46<>"","Sí, pero está en "&O46&": hacer el traslado a Carepa","Sí"))))) -> Sí | T46: Inventario_Equipos_Carepa.xlsx · Carepa · fila 46
A47: EQP-CAR-0046 | B47: Sí | C47: Serie repetida en otra fila: 20140915208 | D47: PLANCHA DE CALENTAMIENTO Y AGITACION | E47: BENCHMARK | F47: H400HS | G47: 20140915208 | H47: 027194 | I47: 162587 | J47: 102 | L47: 1 | M47: Operativo | N47: Buena | P47: =IF(D47="","",IF(M47="Baja","No: dado de baja",IF(M47="Fuera de servicio","No: fuera de servicio",IF(M47="En mantenimiento","No: en mantenimiento",IF(O47<>"","Sí, pero está en "&O47&": hacer el traslado a Carepa","Sí"))))) -> Sí | T47: Inventario_Equipos_Carepa.xlsx · Carepa · fila 47
A48: EQP-CAR-0047 | B48: No | D48: PLANCHA DE CALENTAMIENTO Y AGITACION | E48: BENCHMARK | F48: H400HS | G48: 20140915178 | H48: 027196 | I48: 162588 | J48: 102 | L48: 1 | M48: Operativo | N48: Buena | P48: =IF(D48="","",IF(M48="Baja","No: dado de baja",IF(M48="Fuera de servicio","No: fuera de servicio",IF(M48="En mantenimiento","No: en mantenimiento",IF(O48<>"","Sí, pero está en "&O48&": hacer el traslado a Carepa","Sí"))))) -> Sí | T48: Inventario_Equipos_Carepa.xlsx · Carepa · fila 48
A49: EQP-CAR-0048 | B49: No | D49: PLANCHA DE CALENTAMIENTO Y AGITACION | E49: BENCHMARK | F49: H400HS | G49: 20150311156 | H49: 036177 | I49: 162430 | J49: 102 | L49: 1 | M49: Operativo | N49: Buena | P49: =IF(D49="","",IF(M49="Baja","No: dado de baja",IF(M49="Fuera de servicio","No: fuera de servicio",IF(M49="En mantenimiento","No: en mantenimiento",IF(O49<>"","Sí, pero está en "&O49&": hacer el traslado a Carepa","Sí"))))) -> Sí | T49: Inventario_Equipos_Carepa.xlsx · Carepa · fila 49
A50: EQP-CAR-0049 | B50: No | D50: PLANCHA DE CALENTAMIENTO Y AGITACION | E50: VELP SCIENTIFICA | F50: AREC HEATING MAGNETIC STIRRER | G50: 338374 | H50: 027729 | I50: 162238 | J50: 103 | L50: 1 | M50: Operativo | N50: Buena | P50: =IF(D50="","",IF(M50="Baja","No: dado de baja",IF(M50="Fuera de servicio","No: fuera de servicio",IF(M50="En mantenimiento","No: en mantenimiento",IF(O50<>"","Sí, pero está en "&O50&": hacer el traslado a Carepa","Sí"))))) -> Sí | T50: Inventario_Equipos_Carepa.xlsx · Carepa · fila 50
A51: EQP-CAR-0050 | B51: No | D51: PLANCHA DE CALENTAMIENTO Y AGITACION | E51: VELP SCIENTIFICA | F51: AREC HEATING MAGNETIC STIRRER | G51: 351121 | H51: 027730 | I51: 162240 | J51: 103 | L51: 1 | M51: Operativo | N51: Buena | P51: =IF(D51="","",IF(M51="Baja","No: dado de baja",IF(M51="Fuera de servicio","No: fuera de servicio",IF(M51="En mantenimiento","No: en mantenimiento",IF(O51<>"","Sí, pero está en "&O51&": hacer el traslado a Carepa","Sí"))))) -> Sí | T51: Inventario_Equipos_Carepa.xlsx · Carepa · fila 51
A52: EQP-CAR-0051 | B52: No | D52: MICROONDAS | E52: LG | F52: MH1443XAR /00 | G52: 312TAVV1R658 | H52: 036227 | J52: 103 | L52: 1 | M52: Fuera de servicio | N52: Mala | P52: =IF(D52="","",IF(M52="Baja","No: dado de baja",IF(M52="Fuera de servicio","No: fuera de servicio",IF(M52="En mantenimiento","No: en mantenimiento",IF(O52<>"","Sí, pero está en "&O52&": hacer el traslado a Carepa","Sí"))))) -> No: fuera de servicio | T52: Inventario_Equipos_Carepa.xlsx · Carepa · fila 52
A53: EQP-CAR-0052 | B53: No | D53: FUENTE DE ALIMENTACION REGULADA | E53: ATTEN | F53: TPR3005T | I53: SEC-UR-CAR201 | J53: 103 | L53: 1 | M53: Operativo | N53: Buena | P53: =IF(D53="","",IF(M53="Baja","No: dado de baja",IF(M53="Fuera de servicio","No: fuera de servicio",IF(M53="En mantenimiento","No: en mantenimiento",IF(O53<>"","Sí, pero está en "&O53&": hacer el traslado a Carepa","Sí"))))) -> Sí | T53: Inventario_Equipos_Carepa.xlsx · Carepa · fila 53
A54: EQP-CAR-0053 | B54: No | D54: FUENTE DE ALIMENTACION REGULADA | E54: ATTEN | F54: TPR3005T | I54: SEC-UR-CAR202 | J54: 103 | L54: 1 | M54: Operativo | N54: Buena | P54: =IF(D54="","",IF(M54="Baja","No: dado de baja",IF(M54="Fuera de servicio","No: fuera de servicio",IF(M54="En mantenimiento","No: en mantenimiento",IF(O54<>"","Sí, pero está en "&O54&": hacer el traslado a Carepa","Sí"))))) -> Sí | T54: Inventario_Equipos_Carepa.xlsx · Carepa · fila 54
A55: EQP-CAR-0054 | B55: No | D55: FUENTE DE ALIMENTACION REGULADA | E55: ATTEN | F55: TPR3005T | I55: SEC-UR-CAR203 | J55: 103 | L55: 1 | M55: Operativo | N55: Buena | P55: =IF(D55="","",IF(M55="Baja","No: dado de baja",IF(M55="Fuera de servicio","No: fuera de servicio",IF(M55="En mantenimiento","No: en mantenimiento",IF(O55<>"","Sí, pero está en "&O55&": hacer el traslado a Carepa","Sí"))))) -> Sí | T55: Inventario_Equipos_Carepa.xlsx · Carepa · fila 55
A56: EQP-CAR-0055 | B56: No | D56: OSCILOSCOPIO DE ALMACENACENAMIENTO DIGITAL | E56: UNI-T | F56: UTD2102CEX | G56: 2130007649 | H56: 027815 | I56: 154488 | J56: 103 | L56: 1 | M56: Operativo | N56: Buena | P56: =IF(D56="","",IF(M56="Baja","No: dado de baja",IF(M56="Fuera de servicio","No: fuera de servicio",IF(M56="En mantenimiento","No: en mantenimiento",IF(O56<>"","Sí, pero está en "&O56&": hacer el traslado a Carepa","Sí"))))) -> Sí | T56: Inventario_Equipos_Carepa.xlsx · Carepa · fila 56
A57: EQP-CAR-0056 | B57: No | D57: OSCILOSCOPIO DE ALMACENACENAMIENTO DIGITAL | E57: UNI-T | F57: UTD2102CEX | G57: 2130007645 | H57: 027816 | I57: 154489 | J57: 103 | L57: 1 | M57: Operativo | N57: Buena | P57: =IF(D57="","",IF(M57="Baja","No: dado de baja",IF(M57="Fuera de servicio","No: fuera de servicio",IF(M57="En mantenimiento","No: en mantenimiento",IF(O57<>"","Sí, pero está en "&O57&": hacer el traslado a Carepa","Sí"))))) -> Sí | T57: Inventario_Equipos_Carepa.xlsx · Carepa · fila 57
A58: EQP-CAR-0057 | B58: No | D58: OSCILOSCOPIO DE ALMACENACENAMIENTO DIGITAL | E58: UNIT | F58: UTD2102CEX | G58: 2130007648 | H58: 027817 | I58: 154490 | J58: 103 | L58: 1 | M58: Operativo | N58: Buena | P58: =IF(D58="","",IF(M58="Baja","No: dado de baja",IF(M58="Fuera de servicio","No: fuera de servicio",IF(M58="En mantenimiento","No: en mantenimiento",IF(O58<>"","Sí, pero está en "&O58&": hacer el traslado a Carepa","Sí"))))) -> Sí | T58: Inventario_Equipos_Carepa.xlsx · Carepa · fila 58
A59: EQP-CAR-0058 | B59: No | D59: BAÑO DE MARIA | E59: LABTECH | F59: LWB-122D | G59: 2021070507 | I59: 189320 | J59: 101 | L59: 1 | M59: Operativo | N59: Buena | P59: =IF(D59="","",IF(M59="Baja","No: dado de baja",IF(M59="Fuera de servicio","No: fuera de servicio",IF(M59="En mantenimiento","No: en mantenimiento",IF(O59<>"","Sí, pero está en "&O59&": hacer el traslado a Carepa","Sí"))))) -> Sí | T59: Inventario_Equipos_Carepa.xlsx · Carepa · fila 59
A60: EQP-CAR-0059 | B60: No | D60: BAÑO DE MARIA | E60: LAUDA | F60: AL12 | G60: LCB472514-0001 | H60: 027771 | I60: 151471 | J60: 101 | L60: 1 | M60: Operativo | N60: Buena | P60: =IF(D60="","",IF(M60="Baja","No: dado de baja",IF(M60="Fuera de servicio","No: fuera de servicio",IF(M60="En mantenimiento","No: en mantenimiento",IF(O60<>"","Sí, pero está en "&O60&": hacer el traslado a Carepa","Sí"))))) -> Sí | T60: Inventario_Equipos_Carepa.xlsx · Carepa · fila 60
A61: EQP-CAR-0060 | B61: No | D61: VOLTIMETRO DIGITAL | E61: UNIT | F61: UT61 | G61: H140374583 | J61: 103 | L61: 1 | M61: Operativo | N61: Buena | P61: =IF(D61="","",IF(M61="Baja","No: dado de baja",IF(M61="Fuera de servicio","No: fuera de servicio",IF(M61="En mantenimiento","No: en mantenimiento",IF(O61<>"","Sí, pero está en "&O61&": hacer el traslado a Carepa","Sí"))))) -> Sí | T61: Inventario_Equipos_Carepa.xlsx · Carepa · fila 61
A62: EQP-CAR-0061 | B62: No | D62: VOLTIMETRO DIGITAL | E62: UNIT | F62: UT61 | G62: H140374548 | J62: 103 | L62: 1 | M62: Operativo | N62: Buena | P62: =IF(D62="","",IF(M62="Baja","No: dado de baja",IF(M62="Fuera de servicio","No: fuera de servicio",IF(M62="En mantenimiento","No: en mantenimiento",IF(O62<>"","Sí, pero está en "&O62&": hacer el traslado a Carepa","Sí"))))) -> Sí | T62: Inventario_Equipos_Carepa.xlsx · Carepa · fila 62
A63: EQP-CAR-0062 | B63: No | D63: VOLTIMETRO DIGITAL | E63: UNIT | F63: UT61 | G63: H140374599 | J63: 103 | L63: 1 | M63: Operativo | N63: Buena | P63: =IF(D63="","",IF(M63="Baja","No: dado de baja",IF(M63="Fuera de servicio","No: fuera de servicio",IF(M63="En mantenimiento","No: en mantenimiento",IF(O63<>"","Sí, pero está en "&O63&": hacer el traslado a Carepa","Sí"))))) -> Sí | T63: Inventario_Equipos_Carepa.xlsx · Carepa · fila 63
A64: EQP-CAR-0063 | B64: No | D64: VOLTIMETRO DIGITAL | E64: UNIT | F64: UT61 | G64: H140374597 | J64: 103 | L64: 1 | M64: Operativo | N64: Buena | P64: =IF(D64="","",IF(M64="Baja","No: dado de baja",IF(M64="Fuera de servicio","No: fuera de servicio",IF(M64="En mantenimiento","No: en mantenimiento",IF(O64<>"","Sí, pero está en "&O64&": hacer el traslado a Carepa","Sí"))))) -> Sí | T64: Inventario_Equipos_Carepa.xlsx · Carepa · fila 64
A65: EQP-CAR-0064 | B65: No | D65: GENERADOR DE FUNCIONES O DE ONDAS | E65: UNIT | F65: UTG9010C | G65: 14004215 | H65: 027202 | I65: 154487 | J65: 103 | L65: 1 | M65: Operativo | N65: Buena | P65: =IF(D65="","",IF(M65="Baja","No: dado de baja",IF(M65="Fuera de servicio","No: fuera de servicio",IF(M65="En mantenimiento","No: en mantenimiento",IF(O65<>"","Sí, pero está en "&O65&": hacer el traslado a Carepa","Sí"))))) -> Sí | T65: Inventario_Equipos_Carepa.xlsx · Carepa · fila 65
A66: EQP-CAR-0065 | B66: No | D66: GENERADOR DE FUNCIONES O DE ONDAS | E66: UNIT | F66: UTG9010C | G66: 14004217 | H66: 027200 | I66: 154485 | J66: 103 | L66: 1 | M66: Operativo | N66: Buena | P66: =IF(D66="","",IF(M66="Baja","No: dado de baja",IF(M66="Fuera de servicio","No: fuera de servicio",IF(M66="En mantenimiento","No: en mantenimiento",IF(O66<>"","Sí, pero está en "&O66&": hacer el traslado a Carepa","Sí"))))) -> Sí | T66: Inventario_Equipos_Carepa.xlsx · Carepa · fila 66
A67: EQP-CAR-0066 | B67: No | D67: GENERADOR DE FUNCIONES O DE ONDAS | E67: UNIT | F67: UTG9010C | G67: 14004211 | H67: 027201 | I67: 154486 | J67: 103 | L67: 1 | M67: Operativo | N67: Buena | P67: =IF(D67="","",IF(M67="Baja","No: dado de baja",IF(M67="Fuera de servicio","No: fuera de servicio",IF(M67="En mantenimiento","No: en mantenimiento",IF(O67<>"","Sí, pero está en "&O67&": hacer el traslado a Carepa","Sí"))))) -> Sí | T67: Inventario_Equipos_Carepa.xlsx · Carepa · fila 67
A68: EQP-CAR-0067 | B68: No | D68: MICROSCOPIO BINOCULAR | E68: OLYMPUS | F68: OLYMPUS | G68: CX31RBSFA | H68: 002676 | I68: 158588 | J68: 103 | L68: 1 | M68: Fuera de servicio | N68: Mala | P68: =IF(D68="","",IF(M68="Baja","No: dado de baja",IF(M68="Fuera de servicio","No: fuera de servicio",IF(M68="En mantenimiento","No: en mantenimiento",IF(O68<>"","Sí, pero está en "&O68&": hacer el traslado a Carepa","Sí"))))) -> No: fuera de servicio | T68: Inventario_Equipos_Carepa.xlsx · Carepa · fila 68
A69: EQP-CAR-0068 | B69: No | D69: BASCULA DIGITAL | E69: ICM | F69: ICM | J69: 103 | L69: 1 | M69: Operativo | N69: Buena | P69: =IF(D69="","",IF(M69="Baja","No: dado de baja",IF(M69="Fuera de servicio","No: fuera de servicio",IF(M69="En mantenimiento","No: en mantenimiento",IF(O69<>"","Sí, pero está en "&O69&": hacer el traslado a Carepa","Sí"))))) -> Sí | T69: Inventario_Equipos_Carepa.xlsx · Carepa · fila 69
A70: EQP-CAR-0069 | B70: No | D70: BALANZA DE HUMEDAD | E70: SHIMADZU | F70: MOC63u | G70: D209405692 | H70: 027725 | J70: 103 | L70: 1 | M70: Operativo | N70: Buena | P70: =IF(D70="","",IF(M70="Baja","No: dado de baja",IF(M70="Fuera de servicio","No: fuera de servicio",IF(M70="En mantenimiento","No: en mantenimiento",IF(O70<>"","Sí, pero está en "&O70&": hacer el traslado a Carepa","Sí"))))) -> Sí | T70: Inventario_Equipos_Carepa.xlsx · Carepa · fila 70
A71: EQP-CAR-0070 | B71: Sí | C71: Serie repetida en otra fila: 500520 | D71: BALANZA ANALITICA | E71: PRECISA | F71: XB220A | G71: 500520 | H71: 027778 | I71: 152405 | J71: 102 | L71: 1 | M71: Operativo | N71: Buena | P71: =IF(D71="","",IF(M71="Baja","No: dado de baja",IF(M71="Fuera de servicio","No: fuera de servicio",IF(M71="En mantenimiento","No: en mantenimiento",IF(O71<>"","Sí, pero está en "&O71&": hacer el traslado a Carepa","Sí"))))) -> Sí | T71: Inventario_Equipos_Carepa.xlsx · Carepa · fila 71
A72: EQP-CAR-0071 | B72: Sí | C72: Préstamo o envío a Apartadó: registrar el traslado; Serie repetida en otra fila: 500520 | D72: BALANZA ANALITICA | E72: PRECISA | F72: XB220A | G72: 500520 | H72: 027224 | I72: 152406 | L72: 1 | M72: Fuera de servicio | N72: Mala | O72: Apartadó | P72: =IF(D72="","",IF(M72="Baja","No: dado de baja",IF(M72="Fuera de servicio","No: fuera de servicio",IF(M72="En mantenimiento","No: en mantenimiento",IF(O72<>"","Sí, pero está en "&O72&": hacer el traslado a Carepa","Sí"))))) -> No: fuera de servicio | S72: Ubicación original: APARTADO | T72: Inventario_Equipos_Carepa.xlsx · Carepa · fila 72
A73: EQP-CAR-0072 | B73: No | D73: CENTRIFUGA | E73: HETTICH | F73: EBA 20 | G73: 11933-07 | H73: 027770 | I73: 151167 | J73: 102 | L73: 1 | M73: Operativo | N73: Buena | P73: =IF(D73="","",IF(M73="Baja","No: dado de baja",IF(M73="Fuera de servicio","No: fuera de servicio",IF(M73="En mantenimiento","No: en mantenimiento",IF(O73<>"","Sí, pero está en "&O73&": hacer el traslado a Carepa","Sí"))))) -> Sí | T73: Inventario_Equipos_Carepa.xlsx · Carepa · fila 73
A74: EQP-CAR-0073 | B74: No | D74: DESTILADOR DE AGUA | E74: CENTRO DE INSTRUMENTOS UDEA | F74: EWD-911 | H74: 027765 | I74: 158272 | J74: 102 | L74: 1 | M74: Operativo | N74: Buena | P74: =IF(D74="","",IF(M74="Baja","No: dado de baja",IF(M74="Fuera de servicio","No: fuera de servicio",IF(M74="En mantenimiento","No: en mantenimiento",IF(O74<>"","Sí, pero está en "&O74&": hacer el traslado a Carepa","Sí"))))) -> Sí | T74: Inventario_Equipos_Carepa.xlsx · Carepa · fila 74
A75: EQP-CAR-0074 | B75: No | D75: KIT PORTATIL DE MECANICA AMARILLA | E75: CIENCO | H75: 036295 | I75: 155645 | J75: 103 | L75: 1 | M75: Operativo | N75: Buena | P75: =IF(D75="","",IF(M75="Baja","No: dado de baja",IF(M75="Fuera de servicio","No: fuera de servicio",IF(M75="En mantenimiento","No: en mantenimiento",IF(O75<>"","Sí, pero está en "&O75&": hacer el traslado a Carepa","Sí"))))) -> Sí | T75: Inventario_Equipos_Carepa.xlsx · Carepa · fila 75
A76: EQP-CAR-0075 | B76: No | D76: KIT PORTATIL DE MECANICA AMARILLA | E76: CIENCO | H76: 036293 | I76: 155643 | J76: 103 | L76: 1 | M76: Operativo | N76: Buena | P76: =IF(D76="","",IF(M76="Baja","No: dado de baja",IF(M76="Fuera de servicio","No: fuera de servicio",IF(M76="En mantenimiento","No: en mantenimiento",IF(O76<>"","Sí, pero está en "&O76&": hacer el traslado a Carepa","Sí"))))) -> Sí | T76: Inventario_Equipos_Carepa.xlsx · Carepa · fila 76
A77: EQP-CAR-0076 | B77: No | D77: KIT PORTATIL DE MECANICA AMARILLA | E77: CIENCO | H77: 036294 | I77: 155644 | J77: 103 | L77: 1 | M77: Operativo | N77: Buena | P77: =IF(D77="","",IF(M77="Baja","No: dado de baja",IF(M77="Fuera de servicio","No: fuera de servicio",IF(M77="En mantenimiento","No: en mantenimiento",IF(O77<>"","Sí, pero está en "&O77&": hacer el traslado a Carepa","Sí"))))) -> Sí | T77: Inventario_Equipos_Carepa.xlsx · Carepa · fila 77
A78: EQP-CAR-0077 | B78: No | D78: EQUIPO DE METROLOGIA MALETA PLATIADA | E78: CIENCO | H78: 036303 | I78: 155638 | J78: 103 | L78: 1 | M78: Operativo | N78: Buena | P78: =IF(D78="","",IF(M78="Baja","No: dado de baja",IF(M78="Fuera de servicio","No: fuera de servicio",IF(M78="En mantenimiento","No: en mantenimiento",IF(O78<>"","Sí, pero está en "&O78&": hacer el traslado a Carepa","Sí"))))) -> Sí | T78: Inventario_Equipos_Carepa.xlsx · Carepa · fila 78
A79: EQP-CAR-0078 | B79: No | D79: EQUIPO DE METROLOGIA MALETA PLATIADA | E79: CIENCO | H79: 036302 | I79: 155637 | J79: 103 | L79: 1 | M79: Operativo | N79: Buena | P79: =IF(D79="","",IF(M79="Baja","No: dado de baja",IF(M79="Fuera de servicio","No: fuera de servicio",IF(M79="En mantenimiento","No: en mantenimiento",IF(O79<>"","Sí, pero está en "&O79&": hacer el traslado a Carepa","Sí"))))) -> Sí | T79: Inventario_Equipos_Carepa.xlsx · Carepa · fila 79
A80: EQP-CAR-0079 | B80: No | D80: EQUIPO DE METROLOGIA MALETA PLATIADA | E80: CIENCO | H80: 036304 | I80: 155639 | J80: 103 | L80: 1 | M80: Operativo | N80: Buena | P80: =IF(D80="","",IF(M80="Baja","No: dado de baja",IF(M80="Fuera de servicio","No: fuera de servicio",IF(M80="En mantenimiento","No: en mantenimiento",IF(O80<>"","Sí, pero está en "&O80&": hacer el traslado a Carepa","Sí"))))) -> Sí | T80: Inventario_Equipos_Carepa.xlsx · Carepa · fila 80
A81: EQP-CAR-0080 | B81: No | D81: TABLEROS ELETRONICOS | E81: CIENCO | I81: 155649 | J81: 103 | L81: 1 | M81: Operativo | N81: Buena | P81: =IF(D81="","",IF(M81="Baja","No: dado de baja",IF(M81="Fuera de servicio","No: fuera de servicio",IF(M81="En mantenimiento","No: en mantenimiento",IF(O81<>"","Sí, pero está en "&O81&": hacer el traslado a Carepa","Sí"))))) -> Sí | T81: Inventario_Equipos_Carepa.xlsx · Carepa · fila 81
A82: EQP-CAR-0081 | B82: No | D82: TABLEROS ELETRONICOS | E82: CIENCO | I82: 155650 | J82: 103 | L82: 1 | M82: Operativo | N82: Buena | P82: =IF(D82="","",IF(M82="Baja","No: dado de baja",IF(M82="Fuera de servicio","No: fuera de servicio",IF(M82="En mantenimiento","No: en mantenimiento",IF(O82<>"","Sí, pero está en "&O82&": hacer el traslado a Carepa","Sí"))))) -> Sí | T82: Inventario_Equipos_Carepa.xlsx · Carepa · fila 82
A83: EQP-CAR-0082 | B83: No | D83: TABLEROS ELETRONICOS | E83: CIENCO | I83: 155651 | J83: 103 | L83: 1 | M83: Operativo | N83: Buena | P83: =IF(D83="","",IF(M83="Baja","No: dado de baja",IF(M83="Fuera de servicio","No: fuera de servicio",IF(M83="En mantenimiento","No: en mantenimiento",IF(O83<>"","Sí, pero está en "&O83&": hacer el traslado a Carepa","Sí"))))) -> Sí | T83: Inventario_Equipos_Carepa.xlsx · Carepa · fila 83
A84: EQP-CAR-0083 | B84: No | D84: HORNO CONVENCIONAL 300° C | E84: BINDER | F84: ED-115 | G84: 13-16178 | H84: 027767 | I84: 152407 | J84: 102 | L84: 1 | M84: Operativo | N84: Buena | P84: =IF(D84="","",IF(M84="Baja","No: dado de baja",IF(M84="Fuera de servicio","No: fuera de servicio",IF(M84="En mantenimiento","No: en mantenimiento",IF(O84<>"","Sí, pero está en "&O84&": hacer el traslado a Carepa","Sí"))))) -> Sí | T84: Inventario_Equipos_Carepa.xlsx · Carepa · fila 84
A85: EQP-CAR-0084 | B85: No | D85: HORNO | E85: THERMO SCIENTIFIC | F85: HERATHERM | G85: 41818757 | H85: 027721 | I85: 158868 | J85: 103 | L85: 1 | M85: Fuera de servicio | N85: Mala | P85: =IF(D85="","",IF(M85="Baja","No: dado de baja",IF(M85="Fuera de servicio","No: fuera de servicio",IF(M85="En mantenimiento","No: en mantenimiento",IF(O85<>"","Sí, pero está en "&O85&": hacer el traslado a Carepa","Sí"))))) -> No: fuera de servicio | T85: Inventario_Equipos_Carepa.xlsx · Carepa · fila 85
A86: EQP-CAR-0085 | B86: No | D86: HORNO | E86: THERMO SCIENTIFIC | F86: HERATHERM | G86: 41818755 | H86: 027720 | I86: 158867 | J86: 103 | L86: 1 | M86: Fuera de servicio | N86: Mala | P86: =IF(D86="","",IF(M86="Baja","No: dado de baja",IF(M86="Fuera de servicio","No: fuera de servicio",IF(M86="En mantenimiento","No: en mantenimiento",IF(O86<>"","Sí, pero está en "&O86&": hacer el traslado a Carepa","Sí"))))) -> No: fuera de servicio | T86: Inventario_Equipos_Carepa.xlsx · Carepa · fila 86
A87: EQP-CAR-0086 | B87: No | D87: PHMETRO DIGITAL | E87: HANNA | F87: HI 5522 | H87: 027229 | I87: 163293 | J87: 101 | L87: 1 | M87: Fuera de servicio | N87: Mala | P87: =IF(D87="","",IF(M87="Baja","No: dado de baja",IF(M87="Fuera de servicio","No: fuera de servicio",IF(M87="En mantenimiento","No: en mantenimiento",IF(O87<>"","Sí, pero está en "&O87&": hacer el traslado a Carepa","Sí"))))) -> No: fuera de servicio | T87: Inventario_Equipos_Carepa.xlsx · Carepa · fila 87
A88: EQP-CAR-0087 | B88: No | D88: MAGNETOS | E88: N Y S | I88: 158702 | J88: 103 | L88: 1 | M88: Operativo | N88: Buena | P88: =IF(D88="","",IF(M88="Baja","No: dado de baja",IF(M88="Fuera de servicio","No: fuera de servicio",IF(M88="En mantenimiento","No: en mantenimiento",IF(O88<>"","Sí, pero está en "&O88&": hacer el traslado a Carepa","Sí"))))) -> Sí | T88: Inventario_Equipos_Carepa.xlsx · Carepa · fila 88
A89: EQP-CAR-0088 | B89: No | D89: MAGNETOS | E89: N Y S | I89: 150703 | J89: 103 | L89: 1 | M89: Operativo | N89: Buena | P89: =IF(D89="","",IF(M89="Baja","No: dado de baja",IF(M89="Fuera de servicio","No: fuera de servicio",IF(M89="En mantenimiento","No: en mantenimiento",IF(O89<>"","Sí, pero está en "&O89&": hacer el traslado a Carepa","Sí"))))) -> Sí | T89: Inventario_Equipos_Carepa.xlsx · Carepa · fila 89
A90: EQP-CAR-0089 | B90: No | D90: MAGNETOS | E90: N Y S | I90: 150704 | J90: 103 | L90: 1 | M90: Operativo | N90: Buena | P90: =IF(D90="","",IF(M90="Baja","No: dado de baja",IF(M90="Fuera de servicio","No: fuera de servicio",IF(M90="En mantenimiento","No: en mantenimiento",IF(O90<>"","Sí, pero está en "&O90&": hacer el traslado a Carepa","Sí"))))) -> Sí | T90: Inventario_Equipos_Carepa.xlsx · Carepa · fila 90
A91: EQP-CAR-0090 | B91: No | D91: JUEGO DE PESAS | E91: CIENCO | H91: 036296 | I91: 155634 | J91: 103 | L91: 1 | M91: Operativo | N91: Buena | P91: =IF(D91="","",IF(M91="Baja","No: dado de baja",IF(M91="Fuera de servicio","No: fuera de servicio",IF(M91="En mantenimiento","No: en mantenimiento",IF(O91<>"","Sí, pero está en "&O91&": hacer el traslado a Carepa","Sí"))))) -> Sí | T91: Inventario_Equipos_Carepa.xlsx · Carepa · fila 91
A92: EQP-CAR-0091 | B92: Sí | C92: Préstamo o envío a Turbo: registrar el traslado | D92: JUEGO DE PESAS | E92: CIENCO | H92: 036297 | I92: 155635 | L92: 1 | M92: Operativo | N92: Buena | O92: Turbo | P92: =IF(D92="","",IF(M92="Baja","No: dado de baja",IF(M92="Fuera de servicio","No: fuera de servicio",IF(M92="En mantenimiento","No: en mantenimiento",IF(O92<>"","Sí, pero está en "&O92&": hacer el traslado a Carepa","Sí"))))) -> Sí, pero está en Turbo: hacer el traslado a Carepa | S92: Ubicación original: TURBO | T92: Inventario_Equipos_Carepa.xlsx · Carepa · fila 92
A93: EQP-CAR-0092 | B93: No | D93: JUEGO DE PESAS | E93: CIENCO | H93: 036298 | I93: 155636 | J93: 103 | L93: 1 | M93: Operativo | N93: Buena | P93: =IF(D93="","",IF(M93="Baja","No: dado de baja",IF(M93="Fuera de servicio","No: fuera de servicio",IF(M93="En mantenimiento","No: en mantenimiento",IF(O93<>"","Sí, pero está en "&O93&": hacer el traslado a Carepa","Sí"))))) -> Sí | T93: Inventario_Equipos_Carepa.xlsx · Carepa · fila 93
A94: EQP-CAR-0093 | B94: No | D94: EQUIPO DE OPTICA | E94: Laboratorio cienco | H94: 036299 | I94: 155646 | J94: 103 | L94: 1 | M94: Operativo | N94: Buena | P94: =IF(D94="","",IF(M94="Baja","No: dado de baja",IF(M94="Fuera de servicio","No: fuera de servicio",IF(M94="En mantenimiento","No: en mantenimiento",IF(O94<>"","Sí, pero está en "&O94&": hacer el traslado a Carepa","Sí"))))) -> Sí | T94: Inventario_Equipos_Carepa.xlsx · Carepa · fila 94
A95: EQP-CAR-0094 | B95: No | D95: EQUIPO DE OPTICA | E95: Laboratorio cienco | H95: 036300 | I95: 155647 | J95: 103 | L95: 1 | M95: Operativo | N95: Buena | P95: =IF(D95="","",IF(M95="Baja","No: dado de baja",IF(M95="Fuera de servicio","No: fuera de servicio",IF(M95="En mantenimiento","No: en mantenimiento",IF(O95<>"","Sí, pero está en "&O95&": hacer el traslado a Carepa","Sí"))))) -> Sí | T95: Inventario_Equipos_Carepa.xlsx · Carepa · fila 95
A96: EQP-CAR-0095 | B96: No | D96: EQUIPO DE OPTICA | E96: Laboratorio cienco | H96: 036301 | I96: 155648 | J96: 103 | L96: 1 | M96: Operativo | N96: Buena | P96: =IF(D96="","",IF(M96="Baja","No: dado de baja",IF(M96="Fuera de servicio","No: fuera de servicio",IF(M96="En mantenimiento","No: en mantenimiento",IF(O96<>"","Sí, pero está en "&O96&": hacer el traslado a Carepa","Sí"))))) -> Sí | T96: Inventario_Equipos_Carepa.xlsx · Carepa · fila 96
A97: EQP-CAR-0096 | B97: No | D97: BALANZA DE PENDULO | E97: CHOKIN | H97: 027821 | I97: 162339 | J97: 103 | L97: 1 | M97: Operativo | N97: Buena | P97: =IF(D97="","",IF(M97="Baja","No: dado de baja",IF(M97="Fuera de servicio","No: fuera de servicio",IF(M97="En mantenimiento","No: en mantenimiento",IF(O97<>"","Sí, pero está en "&O97&": hacer el traslado a Carepa","Sí"))))) -> Sí | T97: Inventario_Equipos_Carepa.xlsx · Carepa · fila 97
A98: EQP-CAR-0097 | B98: No | D98: BALANZA DE PENDULO | E98: CHOKIN | H98: 027822 | I98: 162340 | J98: 103 | L98: 1 | M98: Operativo | N98: Buena | P98: =IF(D98="","",IF(M98="Baja","No: dado de baja",IF(M98="Fuera de servicio","No: fuera de servicio",IF(M98="En mantenimiento","No: en mantenimiento",IF(O98<>"","Sí, pero está en "&O98&": hacer el traslado a Carepa","Sí"))))) -> Sí | T98: Inventario_Equipos_Carepa.xlsx · Carepa · fila 98
A99: EQP-CAR-0098 | B99: No | D99: BALANZA DE PENDULO | E99: CHOKIN | H99: 027820 | I99: 162338 | J99: 103 | L99: 1 | M99: Operativo | N99: Buena | P99: =IF(D99="","",IF(M99="Baja","No: dado de baja",IF(M99="Fuera de servicio","No: fuera de servicio",IF(M99="En mantenimiento","No: en mantenimiento",IF(O99<>"","Sí, pero está en "&O99&": hacer el traslado a Carepa","Sí"))))) -> Sí | T99: Inventario_Equipos_Carepa.xlsx · Carepa · fila 99
A100: EQP-CAR-0099 | B100: No | D100: JUEGO DE LENTES CONVERGENTE | E100: CIENCO | H100: 036307 | I100: 162346 | J100: 103 | L100: 1 | M100: Operativo | N100: Buena | P100: =IF(D100="","",IF(M100="Baja","No: dado de baja",IF(M100="Fuera de servicio","No: fuera de servicio",IF(M100="En mantenimiento","No: en mantenimiento",IF(O100<>"","Sí, pero está en "&O100&": hacer el traslado a Carepa","Sí"))))) -> Sí | T100: Inventario_Equipos_Carepa.xlsx · Carepa · fila 100
...

Sheet Vidriería
A1: ID | B1: Revisar | C1: Ítem (p. ej. Beaker, Probeta, Pipeta aforada) | D1: Capacidad / especificación | E1: Material | F1: Cantidad buena | G1: Cantidad regular | H1: Cantidad dañada o dada de baja | I1: Rotas desde el conteo | J1: Útil hoy (buena + regular − rotas) | K1: Ubicación | L1: Fecha del conteo | M1: Observaciones
A2: VID-CAR-0001 | B2: No | I2: =IF(C2="","",SUMIFS(Roturas!$D$2:$D$2000,Roturas!$B$2:$B$2000,A2)) | J2: =IF(C2="","",N(F2)+N(G2)-I2)
A3: VID-CAR-0002 | B3: No | I3: =IF(C3="","",SUMIFS(Roturas!$D$2:$D$2000,Roturas!$B$2:$B$2000,A3)) | J3: =IF(C3="","",N(F3)+N(G3)-I3)
A4: VID-CAR-0003 | B4: No | I4: =IF(C4="","",SUMIFS(Roturas!$D$2:$D$2000,Roturas!$B$2:$B$2000,A4)) | J4: =IF(C4="","",N(F4)+N(G4)-I4)
A5: VID-CAR-0004 | B5: No | I5: =IF(C5="","",SUMIFS(Roturas!$D$2:$D$2000,Roturas!$B$2:$B$2000,A5)) | J5: =IF(C5="","",N(F5)+N(G5)-I5)
A6: VID-CAR-0005 | B6: No | I6: =IF(C6="","",SUMIFS(Roturas!$D$2:$D$2000,Roturas!$B$2:$B$2000,A6)) | J6: =IF(C6="","",N(F6)+N(G6)-I6)
A7: VID-CAR-0006 | B7: No | I7: =IF(C7="","",SUMIFS(Roturas!$D$2:$D$2000,Roturas!$B$2:$B$2000,A7)) | J7: =IF(C7="","",N(F7)+N(G7)-I7)
A8: VID-CAR-0007 | B8: No | I8: =IF(C8="","",SUMIFS(Roturas!$D$2:$D$2000,Roturas!$B$2:$B$2000,A8)) | J8: =IF(C8="","",N(F8)+N(G8)-I8)
A9: VID-CAR-0008 | B9: No | I9: =IF(C9="","",SUMIFS(Roturas!$D$2:$D$2000,Roturas!$B$2:$B$2000,A9)) | J9: =IF(C9="","",N(F9)+N(G9)-I9)
A10: VID-CAR-0009 | B10: No | I10: =IF(C10="","",SUMIFS(Roturas!$D$2:$D$2000,Roturas!$B$2:$B$2000,A10)) | J10: =IF(C10="","",N(F10)+N(G10)-I10)
A11: VID-CAR-0010 | B11: No | I11: =IF(C11="","",SUMIFS(Roturas!$D$2:$D$2000,Roturas!$B$2:$B$2000,A11)) | J11: =IF(C11="","",N(F11)+N(G11)-I11)
A12: VID-CAR-0011 | B12: No | I12: =IF(C12="","",SUMIFS(Roturas!$D$2:$D$2000,Roturas!$B$2:$B$2000,A12)) | J12: =IF(C12="","",N(F12)+N(G12)-I12)
A13: VID-CAR-0012 | B13: No | I13: =IF(C13="","",SUMIFS(Roturas!$D$2:$D$2000,Roturas!$B$2:$B$2000,A13)) | J13: =IF(C13="","",N(F13)+N(G13)-I13)
... A301: VID-CAR-0300 | B301: No | I301: =IF(C301="","",SUMIFS(Roturas!$D$2:$D$2000,Roturas!$B$2:$B$2000,A301)) | J301: =IF(C301="","",N(F301)+N(G301)-I301)

Sheet Roturas
A1: Fecha | B1: ID vidriería | C1: Ítem | D1: Cantidad rota o dada de baja | E1: Sesión / práctica | F1: Registró | G1: Observación
C2: =IF(B2="","",IFERROR(INDEX(Vidriería!$C$2:$C$301,MATCH(B2,Vidriería!$A$2:$A$301,0))&" "&INDEX(Vidriería!$D$2:$D$301,MATCH(B2,Vidriería!$A$2:$A$301,0)),"ID no existe"))
C3: =IF(B3="","",IFERROR(INDEX(Vidriería!$C$2:$C$301,MATCH(B3,Vidriería!$A$2:$A$301,0))&" "&INDEX(Vidriería!$D$2:$D$301,MATCH(B3,Vidriería!$A$2:$A$301,0)),"ID no existe"))
C4: =IF(B4="","",IFERROR(INDEX(Vidriería!$C$2:$C$301,MATCH(B4,Vidriería!$A$2:$A$301,0))&" "&INDEX(Vidriería!$D$2:$D$301,MATCH(B4,Vidriería!$A$2:$A$301,0)),"ID no existe"))
C5: =IF(B5="","",IFERROR(INDEX(Vidriería!$C$2:$C$301,MATCH(B5,Vidriería!$A$2:$A$301,0))&" "&INDEX(Vidriería!$D$2:$D$301,MATCH(B5,Vidriería!$A$2:$A$301,0)),"ID no existe"))
C6: =IF(B6="","",IFERROR(INDEX(Vidriería!$C$2:$C$301,MATCH(B6,Vidriería!$A$2:$A$301,0))&" "&INDEX(Vidriería!$D$2:$D$301,MATCH(B6,Vidriería!$A$2:$A$301,0)),"ID no existe"))
C7: =IF(B7="","",IFERROR(INDEX(Vidriería!$C$2:$C$301,MATCH(B7,Vidriería!$A$2:$A$301,0))&" "&INDEX(Vidriería!$D$2:$D$301,MATCH(B7,Vidriería!$A$2:$A$301,0)),"ID no existe"))
C8: =IF(B8="","",IFERROR(INDEX(Vidriería!$C$2:$C$301,MATCH(B8,Vidriería!$A$2:$A$301,0))&" "&INDEX(Vidriería!$D$2:$D$301,MATCH(B8,Vidriería!$A$2:$A$301,0)),"ID no existe"))
C9: =IF(B9="","",IFERROR(INDEX(Vidriería!$C$2:$C$301,MATCH(B9,Vidriería!$A$2:$A$301,0))&" "&INDEX(Vidriería!$D$2:$D$301,MATCH(B9,Vidriería!$A$2:$A$301,0)),"ID no existe"))
C10: =IF(B10="","",IFERROR(INDEX(Vidriería!$C$2:$C$301,MATCH(B10,Vidriería!$A$2:$A$301,0))&" "&INDEX(Vidriería!$D$2:$D$301,MATCH(B10,Vidriería!$A$2:$A$301,0)),"ID no existe"))
C11: =IF(B11="","",IFERROR(INDEX(Vidriería!$C$2:$C$301,MATCH(B11,Vidriería!$A$2:$A$301,0))&" "&INDEX(Vidriería!$D$2:$D$301,MATCH(B11,Vidriería!$A$2:$A$301,0)),"ID no existe"))
C12: =IF(B12="","",IFERROR(INDEX(Vidriería!$C$2:$C$301,MATCH(B12,Vidriería!$A$2:$A$301,0))&" "&INDEX(Vidriería!$D$2:$D$301,MATCH(B12,Vidriería!$A$2:$A$301,0)),"ID no existe"))
C13: =IF(B13="","",IFERROR(INDEX(Vidriería!$C$2:$C$301,MATCH(B13,Vidriería!$A$2:$A$301,0))&" "&INDEX(Vidriería!$D$2:$D$301,MATCH(B13,Vidriería!$A$2:$A$301,0)),"ID no existe"))
... C2001: =IF(B2001="","",IFERROR(INDEX(Vidriería!$C$2:$C$301,MATCH(B2001,Vidriería!$A$2:$A$301,0))&" "&INDEX(Vidriería!$D$2:$D$301,MATCH(B2001,Vidriería!$A$2:$A$301,0)),"ID no existe"))
